"title","start_time","end_time","description","exercise_title","superset_id","exercise_notes","set_index","set_type","weight_kg","reps","distance_km","duration_seconds","rpe"
"Evening workout 🏋️","19 Jun 2026, 19:56","19 Jun 2026, 20:50","","Deadlift (Barbell)",,"",0,"warmup",60,5,,,
"Evening workout 🏋️","19 Jun 2026, 19:56","19 Jun 2026, 20:50","","Deadlift (Barbell)",,"",1,"warmup",100,4,,,
"Evening workout 🏋️","19 Jun 2026, 19:56","19 Jun 2026, 20:50","","Deadlift (Barbell)",,"",2,"warmup",140,3,,,
"Evening workout 🏋️","19 Jun 2026, 19:56","19 Jun 2026, 20:50","","Deadlift (Barbell)",,"",3,"normal",180,1,,,
"Evening workout 🏋️","19 Jun 2026, 19:56","19 Jun 2026, 20:50","","Deadlift (Barbell)",,"",4,"normal",190,1,,,
"Evening workout 🏋️","19 Jun 2026, 19:56","19 Jun 2026, 20:50","","Deadlift (Barbell)",,"",5,"normal",140,4,,,
"Evening workout 🏋️","19 Jun 2026, 19:56","19 Jun 2026, 20:50","","Deadlift (Barbell)",,"",6,"normal",140,3,,,
"Evening workout 🏋️","19 Jun 2026, 19:56","19 Jun 2026, 20:50","","Pull Up",,"",0,"normal",,5,,,
"Evening workout 🏋️","19 Jun 2026, 19:56","19 Jun 2026, 20:50","","Pull Up",,"",1,"normal",,6,,,
"Evening workout 🏋️","19 Jun 2026, 19:56","19 Jun 2026, 20:50","","Pull Up",,"",2,"normal",,3,,,
"Evening workout 🏋️","19 Jun 2026, 19:56","19 Jun 2026, 20:50","","Cable Crunch",,"",0,"normal",42,13,,,
"Evening workout 🏋️","19 Jun 2026, 19:56","19 Jun 2026, 20:50","","Cable Crunch",,"",1,"normal",47,8,,,
"Evening workout 🏋️","19 Jun 2026, 19:56","19 Jun 2026, 20:50","","Cable Crunch",,"",2,"normal",47,8,,,
"Evening workout 🏋️","19 Jun 2026, 19:56","19 Jun 2026, 20:50","","Seated Cable Row - Bar Grip",,"",0,"normal",80,12,,,
"Evening workout 🏋️","19 Jun 2026, 19:56","19 Jun 2026, 20:50","","Seated Cable Row - Bar Grip",,"",1,"normal",100,8,,,
"Evening workout 🏋️","19 Jun 2026, 19:56","19 Jun 2026, 20:50","","Seated Cable Row - Bar Grip",,"",2,"normal",100,9,,,
"Evening workout 🏋️","19 Jun 2026, 19:56","19 Jun 2026, 20:50","","Seated Incline Curl (Dumbbell)",,"",0,"normal",15,15,,,
"Evening workout 🏋️","19 Jun 2026, 19:56","19 Jun 2026, 20:50","","Seated Incline Curl (Dumbbell)",,"",1,"normal",15,8,,,
"Evening workout 🏋️","19 Jun 2026, 19:56","19 Jun 2026, 20:50","","Back Extension (Weighted Hyperextension)",,"",0,"normal",10,8,,,
"Evening workout 🏋️","19 Jun 2026, 19:56","19 Jun 2026, 20:50","","Back Extension (Weighted Hyperextension)",,"",1,"normal",,8,,,
"Afternoon workout 💪","17 Jun 2026, 14:53","17 Jun 2026, 15:32","","Bench Press (Barbell)",,"",0,"warmup",40,5,,,
"Afternoon workout 💪","17 Jun 2026, 14:53","17 Jun 2026, 15:32","","Bench Press (Barbell)",,"",1,"warmup",60,5,,,
"Afternoon workout 💪","17 Jun 2026, 14:53","17 Jun 2026, 15:32","","Bench Press (Barbell)",,"",2,"warmup",80,5,,,
"Afternoon workout 💪","17 Jun 2026, 14:53","17 Jun 2026, 15:32","","Bench Press (Barbell)",,"",3,"normal",100,2,,,
"Afternoon workout 💪","17 Jun 2026, 14:53","17 Jun 2026, 15:32","","Bench Press (Barbell)",,"",4,"normal",110,2,,,
"Afternoon workout 💪","17 Jun 2026, 14:53","17 Jun 2026, 15:32","","Bench Press (Barbell)",,"",5,"normal",115,1,,,
"Afternoon workout 💪","17 Jun 2026, 14:53","17 Jun 2026, 15:32","","Bench Press (Barbell)",,"",6,"normal",85,10,,,
"Afternoon workout 💪","17 Jun 2026, 14:53","17 Jun 2026, 15:32","","Bench Press (Barbell)",,"",7,"normal",85,11,,,
"Afternoon workout 💪","17 Jun 2026, 14:53","17 Jun 2026, 15:32","","Chest Dip",0,"",0,"normal",,8,,,
"Afternoon workout 💪","17 Jun 2026, 14:53","17 Jun 2026, 15:32","","Chest Dip",0,"",1,"normal",,5,,,
"Afternoon workout 💪","17 Jun 2026, 14:53","17 Jun 2026, 15:32","","Chest Dip",0,"",2,"normal",,4,,,
"Afternoon workout 💪","17 Jun 2026, 14:53","17 Jun 2026, 15:32","","Hanging Leg Raise",0,"",0,"normal",,9,,,
"Afternoon workout 💪","17 Jun 2026, 14:53","17 Jun 2026, 15:32","","Hanging Leg Raise",0,"",1,"normal",,5,,,
"Afternoon workout 💪","17 Jun 2026, 14:53","17 Jun 2026, 15:32","","Incline Bench Press (Dumbbell)",,"",0,"normal",22,8,,,
"Afternoon workout 💪","17 Jun 2026, 14:53","17 Jun 2026, 15:32","","Incline Bench Press (Dumbbell)",,"",1,"normal",22,7,,,
"Afternoon workout 💪","17 Jun 2026, 14:53","17 Jun 2026, 15:32","","Incline Bench Press (Dumbbell)",,"",2,"normal",22,8,,,
"Afternoon workout 💪","17 Jun 2026, 14:53","17 Jun 2026, 15:32","","Single Arm Landmine Press (Barbell)",,"",0,"normal",20,8,,,
"Afternoon workout 💪","17 Jun 2026, 14:53","17 Jun 2026, 15:32","","Single Arm Landmine Press (Barbell)",,"",1,"normal",20,8,,,
"Afternoon workout 💪","17 Jun 2026, 14:53","17 Jun 2026, 15:32","","Triceps Extension (Cable)",,"",0,"normal",28.75,14,,,
"Afternoon workout 💪","17 Jun 2026, 14:53","17 Jun 2026, 15:32","","Triceps Extension (Cable)",,"",1,"normal",28.75,9,,,
"Afternoon workout 💪","17 Jun 2026, 14:53","17 Jun 2026, 15:32","","Triceps Extension (Cable)",,"",2,"normal",21,7,,,
"Evening workout 🏋️","16 Jun 2026, 20:21","16 Jun 2026, 21:07","","Single Leg Romanian Deadlift (Dumbbell)",,"",0,"normal",15,10,,,
"Evening workout 🏋️","16 Jun 2026, 20:21","16 Jun 2026, 21:07","","Single Leg Romanian Deadlift (Dumbbell)",,"",1,"normal",17.5,10,,,
"Evening workout 🏋️","16 Jun 2026, 20:21","16 Jun 2026, 21:07","","Single Leg Romanian Deadlift (Dumbbell)",,"",2,"normal",20,8,,,
"Evening workout 🏋️","16 Jun 2026, 20:21","16 Jun 2026, 21:07","","Leg Press (Machine)",,"",0,"normal",227,10,,,
"Evening workout 🏋️","16 Jun 2026, 20:21","16 Jun 2026, 21:07","","Leg Press (Machine)",,"",1,"normal",317,10,,,
"Evening workout 🏋️","16 Jun 2026, 20:21","16 Jun 2026, 21:07","","Leg Press (Machine)",,"",2,"normal",337,10,,,
"Evening workout 🏋️","16 Jun 2026, 20:21","16 Jun 2026, 21:07","","Leg Press (Machine)",,"",3,"normal",337,10,,,
"Evening workout 🏋️","16 Jun 2026, 20:21","16 Jun 2026, 21:07","","Seated Leg Curl (Machine)",,"",0,"normal",46,10,,,
"Evening workout 🏋️","16 Jun 2026, 20:21","16 Jun 2026, 21:07","","Seated Leg Curl (Machine)",,"",1,"normal",46,10,,,
"Evening workout 🏋️","16 Jun 2026, 20:21","16 Jun 2026, 21:07","","Leg Extension (Machine)",,"Single leg, then two leg dropset for set 3",0,"normal",53.75,10,,,
"Evening workout 🏋️","16 Jun 2026, 20:21","16 Jun 2026, 21:07","","Leg Extension (Machine)",,"Single leg, then two leg dropset for set 3",1,"normal",53.75,15,,,
"Evening workout 🏋️","16 Jun 2026, 20:21","16 Jun 2026, 21:07","","Leg Extension (Machine)",,"Single leg, then two leg dropset for set 3",2,"normal",75,6,,,
"Evening workout 🏋️","16 Jun 2026, 20:21","16 Jun 2026, 21:07","","Seated Calf Raise",,"",0,"normal",73,10,,,
"Evening workout 🏋️","16 Jun 2026, 20:21","16 Jun 2026, 21:07","","Seated Calf Raise",,"",1,"normal",93,13,,,
"Evening workout 🏋️","16 Jun 2026, 20:21","16 Jun 2026, 21:07","","Seated Calf Raise",,"",2,"normal",93,13,,,
"Evening workout 🏋️","16 Jun 2026, 20:21","16 Jun 2026, 21:07","","Pull Up",,"",0,"normal",,10,,,
"Evening workout 🏋️","16 Jun 2026, 20:21","16 Jun 2026, 21:07","","Pull Up",,"",1,"normal",,9,,,
"Bench (Recovery)","11 Jun 2026, 14:51","11 Jun 2026, 15:21","","Light Bench",,"",0,"warmup",60,8,,,
"Bench (Recovery)","11 Jun 2026, 14:51","11 Jun 2026, 15:21","","Light Bench",,"",1,"normal",75,8,,,
"Bench (Recovery)","11 Jun 2026, 14:51","11 Jun 2026, 15:21","","Light Bench",,"",2,"normal",75,8,,,
"Bench (Recovery)","11 Jun 2026, 14:51","11 Jun 2026, 15:21","","Light Bench",,"",3,"normal",75,9,,,
"Bench (Recovery)","11 Jun 2026, 14:51","11 Jun 2026, 15:21","","Chest Dip",,"",0,"normal",,8,,,
"Bench (Recovery)","11 Jun 2026, 14:51","11 Jun 2026, 15:21","","Chest Dip",,"",1,"normal",,8,,,
"Bench (Recovery)","11 Jun 2026, 14:51","11 Jun 2026, 15:21","","Chest Dip",,"",2,"normal",,8,,,
"Bench (Recovery)","11 Jun 2026, 14:51","11 Jun 2026, 15:21","","Briefcase Carry",,"",0,"normal",28,,0,,
"Bench (Recovery)","11 Jun 2026, 14:51","11 Jun 2026, 15:21","","Briefcase Carry",,"",1,"normal",28,,0,,
"Bench (Recovery)","11 Jun 2026, 14:51","11 Jun 2026, 15:21","","Briefcase Carry",,"",2,"normal",28,,0,,
"Bench (Recovery)","11 Jun 2026, 14:51","11 Jun 2026, 15:21","","Kettlebell Around the World",,"Single leg",0,"normal",12,5,,,
"Bench (Recovery)","11 Jun 2026, 14:51","11 Jun 2026, 15:21","","Kettlebell Around the World",,"Single leg",1,"normal",16,10,,,
"Bench (Recovery)","11 Jun 2026, 14:51","11 Jun 2026, 15:21","","Kettlebell Around the World",,"Single leg",2,"normal",16,10,,,
"Bench (Recovery)","11 Jun 2026, 14:51","11 Jun 2026, 15:21","","Incline Chest Press (Machine)",,"",0,"normal",50,9,,,
"Bench (Recovery)","11 Jun 2026, 14:51","11 Jun 2026, 15:21","","Incline Chest Press (Machine)",,"",1,"normal",50,10,,,
"Bench (Recovery)","11 Jun 2026, 14:51","11 Jun 2026, 15:21","","Incline Chest Press (Machine)",,"",2,"normal",50,10,,,
"Bench (Recovery)","11 Jun 2026, 14:51","11 Jun 2026, 15:21","","Triceps Extension (Cable)",,"",0,"normal",21,12,,,
"Bench (Recovery)","11 Jun 2026, 14:51","11 Jun 2026, 15:21","","Triceps Extension (Cable)",,"",1,"normal",21,12,,,
"Bench (Recovery)","11 Jun 2026, 14:51","11 Jun 2026, 15:21","","Hanging Leg Raise",,"",0,"normal",,5,,,
"Bench (Recovery)","11 Jun 2026, 14:51","11 Jun 2026, 15:21","","Hanging Leg Raise",,"",1,"normal",,5,,,
"Deadlift (Recovery)","9 Jun 2026, 13:13","9 Jun 2026, 13:53","","Light Deadlift",0,"",0,"normal",60,5,,,
"Deadlift (Recovery)","9 Jun 2026, 13:13","9 Jun 2026, 13:53","","Light Deadlift",0,"",1,"normal",90,5,,,
"Deadlift (Recovery)","9 Jun 2026, 13:13","9 Jun 2026, 13:53","","Light Deadlift",0,"",2,"normal",120,5,,,
"Deadlift (Recovery)","9 Jun 2026, 13:13","9 Jun 2026, 13:53","","Light Deadlift",0,"",3,"normal",120,5,,,
"Deadlift (Recovery)","9 Jun 2026, 13:13","9 Jun 2026, 13:53","","Light Deadlift",0,"",4,"normal",120,5,,,
"Deadlift (Recovery)","9 Jun 2026, 13:13","9 Jun 2026, 13:53","","Pull Up",0,"",0,"normal",,7,,,
"Deadlift (Recovery)","9 Jun 2026, 13:13","9 Jun 2026, 13:53","","Pull Up",0,"",1,"normal",,8,,,
"Deadlift (Recovery)","9 Jun 2026, 13:13","9 Jun 2026, 13:53","","Pull Up",0,"",2,"normal",,4,,,
"Deadlift (Recovery)","9 Jun 2026, 13:13","9 Jun 2026, 13:53","","Inverted Row",,"",0,"normal",,9,,,
"Deadlift (Recovery)","9 Jun 2026, 13:13","9 Jun 2026, 13:53","","Inverted Row",,"",1,"normal",,8,,,
"Deadlift (Recovery)","9 Jun 2026, 13:13","9 Jun 2026, 13:53","","Inverted Row",,"",2,"normal",,10,,,
"Deadlift (Recovery)","9 Jun 2026, 13:13","9 Jun 2026, 13:53","","Straight Arm Lat Pulldown (Cable)",,"",0,"normal",36,13,,,
"Deadlift (Recovery)","9 Jun 2026, 13:13","9 Jun 2026, 13:53","","Straight Arm Lat Pulldown (Cable)",,"",1,"normal",47,10,,,
"Deadlift (Recovery)","9 Jun 2026, 13:13","9 Jun 2026, 13:53","","Straight Arm Lat Pulldown (Cable)",,"",2,"normal",43,11,,,
"Deadlift (Recovery)","9 Jun 2026, 13:13","9 Jun 2026, 13:53","","Seated Incline Curl (Dumbbell)",,"Hammer drop set",0,"normal",20,10,,,
"Deadlift (Recovery)","9 Jun 2026, 13:13","9 Jun 2026, 13:53","","Seated Incline Curl (Dumbbell)",,"Hammer drop set",1,"normal",20,6,,,
"Deadlift (Recovery)","9 Jun 2026, 13:13","9 Jun 2026, 13:53","","Seated Incline Curl (Dumbbell)",,"Hammer drop set",2,"dropset",20,2,,,
"Deadlift (Recovery)","9 Jun 2026, 13:13","9 Jun 2026, 13:53","","Back Extension (Weighted Hyperextension)",,"",0,"normal",,8,,,
"Deadlift (Recovery)","9 Jun 2026, 13:13","9 Jun 2026, 13:53","","Back Extension (Weighted Hyperextension)",,"",1,"normal",,8,,,
"Deadlift (Recovery)","9 Jun 2026, 13:13","9 Jun 2026, 13:53","","Back Extension (Weighted Hyperextension)",,"",2,"normal",,8,,,
"Week 13 - Bench (TM Test)","3 Jun 2026, 13:27","3 Jun 2026, 14:03","","Bench Press (Barbell)",,"",0,"warmup",40,5,,,
"Week 13 - Bench (TM Test)","3 Jun 2026, 13:27","3 Jun 2026, 14:03","","Bench Press (Barbell)",,"",1,"warmup",60,5,,,
"Week 13 - Bench (TM Test)","3 Jun 2026, 13:27","3 Jun 2026, 14:03","","Bench Press (Barbell)",,"",2,"warmup",90,2,,,
"Week 13 - Bench (TM Test)","3 Jun 2026, 13:27","3 Jun 2026, 14:03","","Bench Press (Barbell)",,"",3,"normal",105,4,,,
"Week 13 - Bench (TM Test)","3 Jun 2026, 13:27","3 Jun 2026, 14:03","","Bench Press (backoff)",,"",0,"normal",80,10,,,
"Week 13 - Bench (TM Test)","3 Jun 2026, 13:27","3 Jun 2026, 14:03","","Bench Press (backoff)",,"",1,"normal",80,8,,,
"Week 13 - Bench (TM Test)","3 Jun 2026, 13:27","3 Jun 2026, 14:03","","Chest Dip",,"",0,"normal",,10,,,
"Week 13 - Bench (TM Test)","3 Jun 2026, 13:27","3 Jun 2026, 14:03","","Chest Dip",,"",1,"normal",,6,,,
"Week 13 - Bench (TM Test)","3 Jun 2026, 13:27","3 Jun 2026, 14:03","","Chest Dip",,"",2,"normal",,7,,,
"Week 13 - Bench (TM Test)","3 Jun 2026, 13:27","3 Jun 2026, 14:03","","Butterfly (Pec Deck)",,"",0,"normal",50,15,,,
"Week 13 - Bench (TM Test)","3 Jun 2026, 13:27","3 Jun 2026, 14:03","","Butterfly (Pec Deck)",,"",1,"normal",53.75,14,,,
"Week 13 - Bench (TM Test)","3 Jun 2026, 13:27","3 Jun 2026, 14:03","","Seated Dip Machine",,"",0,"normal",105,10,,,
"Week 13 - Bench (TM Test)","3 Jun 2026, 13:27","3 Jun 2026, 14:03","","Seated Dip Machine",,"",1,"normal",113,8,,,
"Week 13 - Bench (TM Test)","3 Jun 2026, 13:27","3 Jun 2026, 14:03","","Back Extension (Weighted Hyperextension)",,"",0,"normal",,8,,,
"Week 13 - Bench (TM Test)","3 Jun 2026, 13:27","3 Jun 2026, 14:03","","Back Extension (Weighted Hyperextension)",,"",1,"normal",,8,,,
"Week 13 - Bench (TM Test)","3 Jun 2026, 13:27","3 Jun 2026, 14:03","","Back Extension (Weighted Hyperextension)",,"",2,"normal",,8,,,
"Week 13 - Bench (TM Test)","3 Jun 2026, 13:27","3 Jun 2026, 14:03","","Back Extension (Weighted Hyperextension)",,"",3,"normal",,8,,,
"Week 11 - Squat (Heavy)","2 Jun 2026, 14:00","2 Jun 2026, 14:38","","Single Leg Romanian Deadlift (Dumbbell)",,"",0,"normal",12.5,10,,,
"Week 11 - Squat (Heavy)","2 Jun 2026, 14:00","2 Jun 2026, 14:38","","Single Leg Romanian Deadlift (Dumbbell)",,"",1,"normal",15,10,,,
"Week 11 - Squat (Heavy)","2 Jun 2026, 14:00","2 Jun 2026, 14:38","","Single Leg Romanian Deadlift (Dumbbell)",,"",2,"normal",15,11,,,
"Week 11 - Squat (Heavy)","2 Jun 2026, 14:00","2 Jun 2026, 14:38","","Leg Press (Machine)",,"",0,"normal",247,6,,,
"Week 11 - Squat (Heavy)","2 Jun 2026, 14:00","2 Jun 2026, 14:38","","Leg Press (Machine)",,"",1,"normal",297,6,,,
"Week 11 - Squat (Heavy)","2 Jun 2026, 14:00","2 Jun 2026, 14:38","","Leg Press (Machine)",,"",2,"normal",337,10,,,
"Week 11 - Squat (Heavy)","2 Jun 2026, 14:00","2 Jun 2026, 14:38","","Leg Press (Machine)",,"",3,"normal",337,11,,,
"Week 11 - Squat (Heavy)","2 Jun 2026, 14:00","2 Jun 2026, 14:38","","Leg Press (Machine)",,"",4,"normal",337,12,,,
"Week 11 - Squat (Heavy)","2 Jun 2026, 14:00","2 Jun 2026, 14:38","","Leg Extension (Machine)",,"Single leg",0,"normal",45,10,,,
"Week 11 - Squat (Heavy)","2 Jun 2026, 14:00","2 Jun 2026, 14:38","","Leg Extension (Machine)",,"Single leg",1,"normal",53.75,15,,,
"Week 11 - Squat (Heavy)","2 Jun 2026, 14:00","2 Jun 2026, 14:38","","Leg Extension (Machine)",,"Single leg",2,"normal",53.75,12,,,
"Week 11 - Squat (Heavy)","2 Jun 2026, 14:00","2 Jun 2026, 14:38","","Seated Leg Curl (Machine)",,"",0,"normal",50,8,,,
"Week 11 - Squat (Heavy)","2 Jun 2026, 14:00","2 Jun 2026, 14:38","","Seated Leg Curl (Machine)",,"",1,"normal",46,8,,,
"Week 11 - Squat (Heavy)","2 Jun 2026, 14:00","2 Jun 2026, 14:38","","Hip Adduction (Machine)",,"",0,"normal",37.5,14,,,
"Week 11 - Squat (Heavy)","2 Jun 2026, 14:00","2 Jun 2026, 14:38","","Hip Adduction (Machine)",,"",1,"normal",37.5,11,,,
"Week 11 - Squat (Heavy)","2 Jun 2026, 14:00","2 Jun 2026, 14:38","","Hip Abduction (Machine)",,"",0,"normal",60,15,,,
"Week 11 - Squat (Heavy)","2 Jun 2026, 14:00","2 Jun 2026, 14:38","","Hip Abduction (Machine)",,"",1,"normal",60,20,,,
"Week 11 - Deadlift (Heavy)","30 May 2026, 10:03","30 May 2026, 10:25","","Deadlift (Barbell)",,"",0,"warmup",60,5,,,
"Week 11 - Deadlift (Heavy)","30 May 2026, 10:03","30 May 2026, 10:25","","Deadlift (Barbell)",,"",1,"warmup",90,5,,,
"Week 11 - Deadlift (Heavy)","30 May 2026, 10:03","30 May 2026, 10:25","","Deadlift (Barbell)",,"",2,"warmup",130,3,,,
"Week 11 - Deadlift (Heavy)","30 May 2026, 10:03","30 May 2026, 10:25","","Deadlift (Barbell)",,"",3,"normal",170,1,,,
"Week 11 - Deadlift (Heavy)","30 May 2026, 10:03","30 May 2026, 10:25","","Deadlift (Barbell)",,"",4,"normal",180,1,,,
"Week 11 - Deadlift (Heavy)","30 May 2026, 10:03","30 May 2026, 10:25","","Pull Up",,"",0,"normal",,8,,,
"Week 11 - Deadlift (Heavy)","30 May 2026, 10:03","30 May 2026, 10:25","","Pull Up",,"",1,"normal",,7,,,
"Week 11 - Deadlift (Heavy)","30 May 2026, 10:03","30 May 2026, 10:25","","Pull Up",,"",2,"normal",,6,,,
"Week 11 - Deadlift (Heavy)","30 May 2026, 10:03","30 May 2026, 10:25","","Inverted Row",,"",0,"normal",,9,,,
"Week 11 - Deadlift (Heavy)","30 May 2026, 10:03","30 May 2026, 10:25","","Inverted Row",,"",1,"normal",,8,,,
"Week 11 - Deadlift (Heavy)","30 May 2026, 10:03","30 May 2026, 10:25","","Inverted Row",,"",2,"normal",,7,,,
"Week 11 - Deadlift (Heavy)","30 May 2026, 10:03","30 May 2026, 10:25","","Seated Incline Curl (Dumbbell)",,"",0,"normal",17.5,8,,,
"Week 11 - Deadlift (Heavy)","30 May 2026, 10:03","30 May 2026, 10:25","","Seated Incline Curl (Dumbbell)",,"",1,"normal",17.5,5,,,
"Week 11 - Deadlift (Heavy)","30 May 2026, 10:03","30 May 2026, 10:25","","Seated Incline Curl (Dumbbell)",,"",2,"normal",12.5,5,,,
"Afternoon workout 💪","28 May 2026, 18:05","28 May 2026, 18:52","","Single Leg Romanian Deadlift (Dumbbell)",,"",0,"normal",12.5,9,,,
"Afternoon workout 💪","28 May 2026, 18:05","28 May 2026, 18:52","","Single Leg Romanian Deadlift (Dumbbell)",,"",1,"normal",15,10,,,
"Afternoon workout 💪","28 May 2026, 18:05","28 May 2026, 18:52","","Single Leg Romanian Deadlift (Dumbbell)",,"",2,"normal",15,11,,,
"Afternoon workout 💪","28 May 2026, 18:05","28 May 2026, 18:52","","Squat (Barbell)",,"",0,"warmup",60,8,,,
"Afternoon workout 💪","28 May 2026, 18:05","28 May 2026, 18:52","","Squat (Barbell)",,"",1,"warmup",80,5,,,
"Afternoon workout 💪","28 May 2026, 18:05","28 May 2026, 18:52","","Squat (Barbell)",,"",2,"normal",100,5,,,
"Afternoon workout 💪","28 May 2026, 18:05","28 May 2026, 18:52","","Squat (Barbell)",,"",3,"normal",120,3,,,
"Afternoon workout 💪","28 May 2026, 18:05","28 May 2026, 18:52","","Squat (Barbell)",,"",4,"normal",120,4,,,
"Afternoon workout 💪","28 May 2026, 18:05","28 May 2026, 18:52","","Leg Extension (Machine)",,"",0,"normal",46,10,,,
"Afternoon workout 💪","28 May 2026, 18:05","28 May 2026, 18:52","","Leg Extension (Machine)",,"",1,"normal",53.75,17,,,
"Afternoon workout 💪","28 May 2026, 18:05","28 May 2026, 18:52","","Seated Leg Curl (Machine)",,"",0,"normal",50,8,,,
"Afternoon workout 💪","28 May 2026, 18:05","28 May 2026, 18:52","","Seated Leg Curl (Machine)",,"",1,"normal",45,7,,,
"Afternoon workout 💪","28 May 2026, 18:05","28 May 2026, 18:52","","Hanging Leg Raise",,"",0,"normal",,9,,,
"Afternoon workout 💪","28 May 2026, 18:05","28 May 2026, 18:52","","Hanging Leg Raise",,"",1,"normal",,9,,,
"Afternoon workout 💪","28 May 2026, 18:05","28 May 2026, 18:52","","Hanging Leg Raise",,"",2,"normal",,8,,,
"Afternoon workout 💪","28 May 2026, 18:05","28 May 2026, 18:52","","Hanging Leg Raise",,"",3,"normal",,8,,,
"Afternoon workout 💪","28 May 2026, 18:05","28 May 2026, 18:52","","Seated Calf Raise",,"Super slow with full extension holds",0,"normal",73,8,,,
"Afternoon workout 💪","28 May 2026, 18:05","28 May 2026, 18:52","","Seated Calf Raise",,"Super slow with full extension holds",1,"normal",83,12,,,
"Afternoon workout 💪","28 May 2026, 18:05","28 May 2026, 18:52","","Seated Calf Raise",,"Super slow with full extension holds",2,"normal",83,14,,,
"Week 11 - Bench (Heavy)","26 May 2026, 13:34","26 May 2026, 14:09","","Bench Press (Dumbbell)",,"",0,"normal",20,8,,,
"Week 11 - Bench (Heavy)","26 May 2026, 13:34","26 May 2026, 14:09","","Bench Press (Dumbbell)",,"",1,"normal",30,8,,,
"Week 11 - Bench (Heavy)","26 May 2026, 13:34","26 May 2026, 14:09","","Bench Press (Dumbbell)",,"",2,"normal",40,5,,,
"Week 11 - Bench (Heavy)","26 May 2026, 13:34","26 May 2026, 14:09","","Bench Press (Dumbbell)",,"",3,"normal",40,5,,,
"Week 11 - Bench (Heavy)","26 May 2026, 13:34","26 May 2026, 14:09","","Shoulder Press (Machine Plates)",,"",0,"normal",29.5,11,,,
"Week 11 - Bench (Heavy)","26 May 2026, 13:34","26 May 2026, 14:09","","Shoulder Press (Machine Plates)",,"",1,"normal",39.5,8,,,
"Week 11 - Bench (Heavy)","26 May 2026, 13:34","26 May 2026, 14:09","","Shoulder Press (Machine Plates)",,"",2,"normal",39.5,10,,,
"Week 11 - Bench (Heavy)","26 May 2026, 13:34","26 May 2026, 14:09","","Triceps Pushdown",,"",0,"normal",41.25,10,,,
"Week 11 - Bench (Heavy)","26 May 2026, 13:34","26 May 2026, 14:09","","Triceps Pushdown",,"",1,"normal",46.25,10,,,
"Morning workout ☀️","23 May 2026, 10:59","23 May 2026, 11:53","","Leg Press (Machine)",,"",0,"normal",187,6,,,
"Morning workout ☀️","23 May 2026, 10:59","23 May 2026, 11:53","","Leg Press (Machine)",,"",1,"normal",257,5,,,
"Morning workout ☀️","23 May 2026, 10:59","23 May 2026, 11:53","","Leg Press (Machine)",,"",2,"normal",307,5,,,
"Morning workout ☀️","23 May 2026, 10:59","23 May 2026, 11:53","","Leg Press (Machine)",,"",3,"normal",357,5,,,
"Morning workout ☀️","23 May 2026, 10:59","23 May 2026, 11:53","","Leg Press (Machine)",,"",4,"normal",407,5,,,
"Morning workout ☀️","23 May 2026, 10:59","23 May 2026, 11:53","","Incline Bench Press (Dumbbell)",,"",0,"normal",20,7,,,
"Morning workout ☀️","23 May 2026, 10:59","23 May 2026, 11:53","","Incline Bench Press (Dumbbell)",,"",1,"normal",27.5,7,,,
"Morning workout ☀️","23 May 2026, 10:59","23 May 2026, 11:53","","Incline Bench Press (Dumbbell)",,"",2,"normal",30,14,,,
"Morning workout ☀️","23 May 2026, 10:59","23 May 2026, 11:53","","Incline Bench Press (Dumbbell)",,"",3,"normal",30,9,,,
"Morning workout ☀️","23 May 2026, 10:59","23 May 2026, 11:53","","Shoulder Press (Dumbbell)",,"",0,"normal",20,12,,,
"Morning workout ☀️","23 May 2026, 10:59","23 May 2026, 11:53","","Shoulder Press (Dumbbell)",,"",1,"normal",20,12,,,
"Morning workout ☀️","23 May 2026, 10:59","23 May 2026, 11:53","","Shoulder Press (Dumbbell)",,"",2,"normal",20,10,,,
"Morning workout ☀️","23 May 2026, 10:59","23 May 2026, 11:53","","Face Pull",,"",0,"normal",15,10,,,
"Morning workout ☀️","23 May 2026, 10:59","23 May 2026, 11:53","","Face Pull",,"",1,"normal",17.5,10,,,
"Morning workout ☀️","23 May 2026, 10:59","23 May 2026, 11:53","","Face Pull",,"",2,"normal",17.5,10,,,
"Morning workout ☀️","23 May 2026, 10:59","23 May 2026, 11:53","","Seated Cable Row - Bar Grip",,"",0,"normal",60,6,,,
"Morning workout ☀️","23 May 2026, 10:59","23 May 2026, 11:53","","Seated Cable Row - Bar Grip",,"",1,"normal",80,10,,,
"Morning workout ☀️","23 May 2026, 10:59","23 May 2026, 11:53","","Seated Cable Row - Bar Grip",,"",2,"normal",90,9,,,
"Morning workout ☀️","23 May 2026, 10:59","23 May 2026, 11:53","","Seated Cable Row - Bar Grip",,"",3,"normal",90,10,,,
"Morning workout ☀️","23 May 2026, 10:59","23 May 2026, 11:53","","Back Extension (Weighted Hyperextension)",,"",0,"normal",,8,,,
"Morning workout ☀️","23 May 2026, 10:59","23 May 2026, 11:53","","Back Extension (Weighted Hyperextension)",,"",1,"normal",,8,,,
"Morning workout ☀️","23 May 2026, 10:59","23 May 2026, 11:53","","Back Extension (Weighted Hyperextension)",,"",2,"normal",,8,,,
"Morning workout ☀️","23 May 2026, 10:59","23 May 2026, 11:53","","Back Extension (Weighted Hyperextension)",,"",3,"normal",,8,,,
"Afternoon workout 💪","20 May 2026, 13:51","20 May 2026, 15:07","","Deadlift (Barbell)",,"",0,"warmup",60,8,,,
"Afternoon workout 💪","20 May 2026, 13:51","20 May 2026, 15:07","","Deadlift (Barbell)",,"",1,"warmup",90,3,,,
"Afternoon workout 💪","20 May 2026, 13:51","20 May 2026, 15:07","","Deadlift (Barbell)",,"",2,"normal",120,3,,,
"Afternoon workout 💪","20 May 2026, 13:51","20 May 2026, 15:07","","Deadlift (Barbell)",,"",3,"normal",120,3,,,
"Afternoon workout 💪","20 May 2026, 13:51","20 May 2026, 15:07","","Deadlift (Barbell)",,"",4,"normal",120,3,,,
"Afternoon workout 💪","20 May 2026, 13:51","20 May 2026, 15:07","","Deadlift (Barbell)",,"",5,"normal",120,3,,,
"Afternoon workout 💪","20 May 2026, 13:51","20 May 2026, 15:07","","Pull Up",,"",0,"normal",,4,,,
"Afternoon workout 💪","20 May 2026, 13:51","20 May 2026, 15:07","","Pull Up",,"",1,"normal",,6,,,
"Afternoon workout 💪","20 May 2026, 13:51","20 May 2026, 15:07","","Inverted Row",,"",0,"normal",,7,,,
"Afternoon workout 💪","20 May 2026, 13:51","20 May 2026, 15:07","","Inverted Row",,"",1,"normal",,9,,,
"Afternoon workout 💪","20 May 2026, 13:51","20 May 2026, 15:07","","Inverted Row",,"",2,"normal",,12,,,
"Afternoon workout 💪","20 May 2026, 13:51","20 May 2026, 15:07","","Seated Cable Row - Bar Grip",,"",0,"normal",70,20,,,
"Afternoon workout 💪","20 May 2026, 13:51","20 May 2026, 15:07","","Cable Twist (Up to down)",,"",0,"normal",12.5,8,,,
"Afternoon workout 💪","20 May 2026, 13:51","20 May 2026, 15:07","","Cable Twist (Up to down)",,"",1,"normal",12.5,10,,,
"Afternoon workout 💪","20 May 2026, 13:51","20 May 2026, 15:07","","Cable Twist (Up to down)",,"",2,"normal",17.5,10,,,
"Afternoon workout 💪","20 May 2026, 13:51","20 May 2026, 15:07","","Cable Twist (Down to up)",,"",0,"normal",17.5,8,,,
"Afternoon workout 💪","20 May 2026, 13:51","20 May 2026, 15:07","","Cable Twist (Down to up)",,"",1,"normal",17.5,10,,,
"Afternoon workout 💪","20 May 2026, 13:51","20 May 2026, 15:07","","Bicep Curl (Dumbbell)",,"",0,"normal",17.5,10,,,
"Afternoon workout 💪","20 May 2026, 13:51","20 May 2026, 15:07","","Bicep Curl (Dumbbell)",,"",1,"normal",15,10,,,
"Afternoon workout 💪","20 May 2026, 13:51","20 May 2026, 15:07","","Bicep Curl (Dumbbell)",,"",2,"normal",15,5,,,
"Afternoon workout 💪","19 May 2026, 12:38","19 May 2026, 13:09","","Bench Press (Barbell)",,"",0,"warmup",40,5,,,
"Afternoon workout 💪","19 May 2026, 12:38","19 May 2026, 13:09","","Bench Press (Barbell)",,"",1,"warmup",60,5,,,
"Afternoon workout 💪","19 May 2026, 12:38","19 May 2026, 13:09","","Bench Press (Barbell)",,"",2,"normal",80,1,,,
"Afternoon workout 💪","19 May 2026, 12:38","19 May 2026, 13:09","","Bench Press (Dumbbell)",,"",0,"normal",32.5,6,,,
"Afternoon workout 💪","19 May 2026, 12:38","19 May 2026, 13:09","","Bench Press (Dumbbell)",,"",1,"normal",35,7,,,
"Afternoon workout 💪","19 May 2026, 12:38","19 May 2026, 13:09","","Bench Press (Dumbbell)",,"",2,"normal",40,6,,,
"Afternoon workout 💪","19 May 2026, 12:38","19 May 2026, 13:09","","Chest Dip",,"",0,"normal",,9,,,
"Afternoon workout 💪","19 May 2026, 12:38","19 May 2026, 13:09","","Chest Dip",,"",1,"normal",,7,,,
"Afternoon workout 💪","19 May 2026, 12:38","19 May 2026, 13:09","","Chest Dip",,"",2,"normal",,6,,,
"Afternoon workout 💪","19 May 2026, 12:38","19 May 2026, 13:09","","Skullcrusher (Barbell)",,"",0,"normal",27.5,10,,,
"Afternoon workout 💪","19 May 2026, 12:38","19 May 2026, 13:09","","Skullcrusher (Barbell)",,"",1,"normal",32.5,8,,,
"Afternoon workout 💪","19 May 2026, 12:38","19 May 2026, 13:09","","Triceps Extension (Dumbbell)",,"",0,"normal",24,8,,,
"Afternoon workout 💪","19 May 2026, 12:38","19 May 2026, 13:09","","Triceps Extension (Dumbbell)",,"",1,"normal",24,8,,,
"Afternoon workout 💪","19 May 2026, 12:38","19 May 2026, 13:09","","Chest Fly (Dumbbell)",,"",0,"normal",10,10,,,
"Afternoon workout 💪","19 May 2026, 12:38","19 May 2026, 13:09","","Chest Fly (Dumbbell)",,"",1,"normal",10,10,,,
"Legs","9 May 2026, 17:41","9 May 2026, 18:16","Didn't feel good, headache halfway through","Straight Leg Deadlift",,"",0,"normal",30,8,,,
"Legs","9 May 2026, 17:41","9 May 2026, 18:16","Didn't feel good, headache halfway through","Straight Leg Deadlift",,"",1,"normal",50,8,,,
"Legs","9 May 2026, 17:41","9 May 2026, 18:16","Didn't feel good, headache halfway through","Straight Leg Deadlift",,"",2,"normal",80,9,,,
"Legs","9 May 2026, 17:41","9 May 2026, 18:16","Didn't feel good, headache halfway through","Straight Leg Deadlift",,"",3,"normal",80,8,,,
"Legs","9 May 2026, 17:41","9 May 2026, 18:16","Didn't feel good, headache halfway through","Hack Squat (Machine)",,"",0,"normal",147,3,,,
"Legs","9 May 2026, 17:41","9 May 2026, 18:16","Didn't feel good, headache halfway through","Hack Squat (Machine)",,"",1,"normal",147,2,,,
"Legs","9 May 2026, 17:41","9 May 2026, 18:16","Didn't feel good, headache halfway through","Hack Squat (Machine)",,"",2,"normal",127,1,,,
"Legs","9 May 2026, 17:41","9 May 2026, 18:16","Didn't feel good, headache halfway through","Hack Squat (Machine)",,"",3,"normal",127,5,,,
"Legs","9 May 2026, 17:41","9 May 2026, 18:16","Didn't feel good, headache halfway through","Bulgarian Split Squat",,"",0,"normal",16,6,,,
"Legs","9 May 2026, 17:41","9 May 2026, 18:16","Didn't feel good, headache halfway through","Bulgarian Split Squat",,"",1,"normal",16,6,,,
"Legs","9 May 2026, 17:41","9 May 2026, 18:16","Didn't feel good, headache halfway through","Leg Extension (Machine)",,"",0,"normal",46,8,,,
"Legs","9 May 2026, 17:41","9 May 2026, 18:16","Didn't feel good, headache halfway through","Leg Extension (Machine)",,"",1,"normal",46,8,,,
"Week 10 - Deadlift (Medium)","2 May 2026, 15:33","2 May 2026, 16:26","","Deadlift (Barbell)",,"",0,"warmup",70,5,,,
"Week 10 - Deadlift (Medium)","2 May 2026, 15:33","2 May 2026, 16:26","","Deadlift (Barbell)",,"",1,"warmup",100,3,,,
"Week 10 - Deadlift (Medium)","2 May 2026, 15:33","2 May 2026, 16:26","","Deadlift (Barbell)",,"",2,"warmup",140,2,,,
"Week 10 - Deadlift (Medium)","2 May 2026, 15:33","2 May 2026, 16:26","","Deadlift (Barbell)",,"",3,"normal",165,2,,,
"Week 10 - Deadlift (Medium)","2 May 2026, 15:33","2 May 2026, 16:26","","Deadlift (Barbell)",,"",4,"normal",165,2,,,
"Week 10 - Deadlift (Medium)","2 May 2026, 15:33","2 May 2026, 16:26","","Deadlift (Barbell)",,"",5,"normal",165,2,,,
"Week 10 - Deadlift (Medium)","2 May 2026, 15:33","2 May 2026, 16:26","","Deadlift (backoff)",,"Pause reps below the knee",0,"normal",130,3,,,
"Week 10 - Deadlift (Medium)","2 May 2026, 15:33","2 May 2026, 16:26","","Deadlift (backoff)",,"Pause reps below the knee",1,"normal",130,3,,,
"Week 10 - Deadlift (Medium)","2 May 2026, 15:33","2 May 2026, 16:26","","Pull Up",,"",0,"normal",,6,,,
"Week 10 - Deadlift (Medium)","2 May 2026, 15:33","2 May 2026, 16:26","","Pull Up",,"",1,"normal",,7,,,
"Week 10 - Deadlift (Medium)","2 May 2026, 15:33","2 May 2026, 16:26","","Farmers Walk",,"",0,"normal",37.5,,0,,
"Week 10 - Deadlift (Medium)","2 May 2026, 15:33","2 May 2026, 16:26","","Single Arm Cable Row",,"",0,"normal",50,9,,,
"Week 10 - Deadlift (Medium)","2 May 2026, 15:33","2 May 2026, 16:26","","Single Arm Cable Row",,"",1,"normal",50,9,,,
"Week 10 - Deadlift (Medium)","2 May 2026, 15:33","2 May 2026, 16:26","","Single Arm Cable Row",,"",2,"normal",50,8,,,
"Week 10 - Deadlift (Medium)","2 May 2026, 15:33","2 May 2026, 16:26","","Single Arm Cable Row",,"",3,"normal",50,8,,,
"Week 10 - Deadlift (Medium)","2 May 2026, 15:33","2 May 2026, 16:26","","Bicep Curl (Dumbbell)",,"Fat grips",0,"normal",15,16,,,
"Week 10 - Deadlift (Medium)","2 May 2026, 15:33","2 May 2026, 16:26","","Bicep Curl (Dumbbell)",,"Fat grips",1,"normal",17.5,7,,,
"Week 10 - Deadlift (Medium)","2 May 2026, 15:33","2 May 2026, 16:26","","Back Extension (Weighted Hyperextension)",,"",0,"normal",,11,,,
"Week 10 - Deadlift (Medium)","2 May 2026, 15:33","2 May 2026, 16:26","","Back Extension (Weighted Hyperextension)",,"",1,"normal",,11,,,
"Week 10 - Deadlift (Medium)","2 May 2026, 15:33","2 May 2026, 16:26","","Back Extension (Weighted Hyperextension)",,"",2,"normal",,6,,,
"Afternoon workout 💪","30 Apr 2026, 13:42","30 Apr 2026, 14:20","","Straight Leg Deadlift",,"",0,"normal",70,8,,,
"Afternoon workout 💪","30 Apr 2026, 13:42","30 Apr 2026, 14:20","","Straight Leg Deadlift",,"",1,"normal",90,8,,,
"Afternoon workout 💪","30 Apr 2026, 13:42","30 Apr 2026, 14:20","","Straight Leg Deadlift",,"",2,"normal",90,9,,,
"Afternoon workout 💪","30 Apr 2026, 13:42","30 Apr 2026, 14:20","","Bulgarian Split Squat",,"",0,"normal",20,8,,,
"Afternoon workout 💪","30 Apr 2026, 13:42","30 Apr 2026, 14:20","","Bulgarian Split Squat",,"",1,"normal",20,8,,,
"Afternoon workout 💪","30 Apr 2026, 13:42","30 Apr 2026, 14:20","","Leg Press (Machine)",,"Single leg",0,"normal",97,5,,,
"Afternoon workout 💪","30 Apr 2026, 13:42","30 Apr 2026, 14:20","","Leg Press (Machine)",,"Single leg",1,"normal",137,8,,,
"Afternoon workout 💪","30 Apr 2026, 13:42","30 Apr 2026, 14:20","","Leg Press (Machine)",,"Single leg",2,"normal",157,10,,,
"Afternoon workout 💪","30 Apr 2026, 13:42","30 Apr 2026, 14:20","","Calf Press (Machine)",,"",0,"normal",157,16,,,
"Afternoon workout 💪","30 Apr 2026, 13:42","30 Apr 2026, 14:20","","Calf Press (Machine)",,"",1,"normal",197,14,,,
"Afternoon workout 💪","30 Apr 2026, 13:42","30 Apr 2026, 14:20","","Calf Press (Machine)",,"",2,"normal",197,14,,,
"Afternoon workout 💪","30 Apr 2026, 13:42","30 Apr 2026, 14:20","","Leg Extension (Machine)",,"",0,"normal",48.75,9,,,
"Afternoon workout 💪","30 Apr 2026, 13:42","30 Apr 2026, 14:20","","Leg Extension (Machine)",,"",1,"normal",48.75,10,,,
"Afternoon workout 💪","30 Apr 2026, 13:42","30 Apr 2026, 14:20","","Seated Leg Curl (Machine)",,"",0,"normal",48.75,10,,,
"Afternoon workout 💪","30 Apr 2026, 13:42","30 Apr 2026, 14:20","","Seated Leg Curl (Machine)",,"",1,"normal",48.75,10,,,
"Week 10 - Bench (Medium)","28 Apr 2026, 13:54","28 Apr 2026, 14:28","","Bench Press (Barbell)",,"",0,"warmup",40,5,,,
"Week 10 - Bench (Medium)","28 Apr 2026, 13:54","28 Apr 2026, 14:28","","Bench Press (Barbell)",,"",1,"warmup",60,5,,,
"Week 10 - Bench (Medium)","28 Apr 2026, 13:54","28 Apr 2026, 14:28","","Bench Press (Barbell)",,"",2,"normal",92.5,2,,,
"Week 10 - Bench (Medium)","28 Apr 2026, 13:54","28 Apr 2026, 14:28","","Bench Press (Barbell)",,"",3,"normal",92.5,2,,,
"Week 10 - Bench (Medium)","28 Apr 2026, 13:54","28 Apr 2026, 14:28","","Bench Press (Barbell)",,"",4,"normal",92.5,2,,,
"Week 10 - Bench (Medium)","28 Apr 2026, 13:54","28 Apr 2026, 14:28","","Bench Press (Barbell)",,"",5,"normal",92.5,3,,,
"Week 10 - Bench (Medium)","28 Apr 2026, 13:54","28 Apr 2026, 14:28","","Bench Press (backoff)",,"Pause reps",0,"normal",77.5,4,,,
"Week 10 - Bench (Medium)","28 Apr 2026, 13:54","28 Apr 2026, 14:28","","Bench Press (backoff)",,"Pause reps",1,"normal",77.5,4,,,
"Week 10 - Bench (Medium)","28 Apr 2026, 13:54","28 Apr 2026, 14:28","","Chest Dip",,"",0,"normal",,14,,,
"Week 10 - Bench (Medium)","28 Apr 2026, 13:54","28 Apr 2026, 14:28","","Chest Dip",,"",1,"normal",,15,,,
"Week 10 - Bench (Medium)","28 Apr 2026, 13:54","28 Apr 2026, 14:28","","Triceps Pushdown",,"",0,"normal",36.25,10,,,
"Week 10 - Bench (Medium)","28 Apr 2026, 13:54","28 Apr 2026, 14:28","","Triceps Pushdown",,"",1,"normal",36.25,15,,,
"Week 10 - Bench (Medium)","28 Apr 2026, 13:54","28 Apr 2026, 14:28","","Cable Twist (Up to down)",0,"",0,"normal",12.5,8,,,
"Week 10 - Bench (Medium)","28 Apr 2026, 13:54","28 Apr 2026, 14:28","","Cable Twist (Up to down)",0,"",1,"normal",12.5,10,,,
"Week 10 - Bench (Medium)","28 Apr 2026, 13:54","28 Apr 2026, 14:28","","Cable Twist (Down to up)",0,"",0,"normal",12.5,8,,,
"Week 10 - Bench (Medium)","28 Apr 2026, 13:54","28 Apr 2026, 14:28","","Cable Twist (Down to up)",0,"",1,"normal",12.5,10,,,
"Week 10 - Bench (Medium)","28 Apr 2026, 13:54","28 Apr 2026, 14:28","","Hanging Leg Raise",,"",0,"normal",,8,,,
"Week 10 - Bench (Medium)","28 Apr 2026, 13:54","28 Apr 2026, 14:28","","Hanging Leg Raise",,"",1,"normal",,10,,,
"Week 9 - Volume","25 Apr 2026, 11:57","25 Apr 2026, 12:42","","Barbell Zercher Lunge",0,"",0,"normal",40,10,,,
"Week 9 - Volume","25 Apr 2026, 11:57","25 Apr 2026, 12:42","","Barbell Zercher Lunge",0,"",1,"normal",40,6,,,
"Week 9 - Volume","25 Apr 2026, 11:57","25 Apr 2026, 12:42","","Barbell Zercher Lunge",0,"",2,"normal",50,10,,,
"Week 9 - Volume","25 Apr 2026, 11:57","25 Apr 2026, 12:42","","Barbell Zercher Lunge",0,"",3,"normal",50,10,,,
"Week 9 - Volume","25 Apr 2026, 11:57","25 Apr 2026, 12:42","","Briefcase Carry",0,"",0,"normal",24,,0,,
"Week 9 - Volume","25 Apr 2026, 11:57","25 Apr 2026, 12:42","","Briefcase Carry",0,"",1,"normal",24,,0,,
"Week 9 - Volume","25 Apr 2026, 11:57","25 Apr 2026, 12:42","","Briefcase Carry",0,"",2,"normal",24,,0,,
"Week 9 - Volume","25 Apr 2026, 11:57","25 Apr 2026, 12:42","","Incline DB Press",,"",0,"normal",30,8,,,
"Week 9 - Volume","25 Apr 2026, 11:57","25 Apr 2026, 12:42","","Incline DB Press",,"",1,"normal",30,12,,,
"Week 9 - Volume","25 Apr 2026, 11:57","25 Apr 2026, 12:42","","Incline DB Press",,"",2,"normal",30,10,,,
"Week 9 - Volume","25 Apr 2026, 11:57","25 Apr 2026, 12:42","","Inverted Row",,"",0,"normal",,10,,,
"Week 9 - Volume","25 Apr 2026, 11:57","25 Apr 2026, 12:42","","Inverted Row",,"",1,"normal",,10,,,
"Week 9 - Volume","25 Apr 2026, 11:57","25 Apr 2026, 12:42","","Face Pull",,"",0,"normal",12.5,12,,,
"Week 9 - Volume","25 Apr 2026, 11:57","25 Apr 2026, 12:42","","Face Pull",,"",1,"normal",12.5,12,,,
"Week 9 - Volume","25 Apr 2026, 11:57","25 Apr 2026, 12:42","","Cable Twist (Up to down)",,"",0,"normal",12.5,10,,,
"Week 9 - Volume","25 Apr 2026, 11:57","25 Apr 2026, 12:42","","Cable Twist (Up to down)",,"",1,"normal",12.5,10,,,
"Week 9 - Deadlift","24 Apr 2026, 13:25","24 Apr 2026, 14:12","","Deadlift (Barbell)",,"",0,"warmup",60,5,,,
"Week 9 - Deadlift","24 Apr 2026, 13:25","24 Apr 2026, 14:12","","Deadlift (Barbell)",,"",1,"warmup",100,3,,,
"Week 9 - Deadlift","24 Apr 2026, 13:25","24 Apr 2026, 14:12","","Deadlift (Barbell)",,"",2,"warmup",140,3,,,
"Week 9 - Deadlift","24 Apr 2026, 13:25","24 Apr 2026, 14:12","","Deadlift (Barbell)",,"",3,"normal",157.5,3,,,
"Week 9 - Deadlift","24 Apr 2026, 13:25","24 Apr 2026, 14:12","","Deadlift (Barbell)",,"",4,"normal",157.5,3,,,
"Week 9 - Deadlift","24 Apr 2026, 13:25","24 Apr 2026, 14:12","","Deadlift (Barbell)",,"",5,"normal",157.5,3,,,
"Week 9 - Deadlift","24 Apr 2026, 13:25","24 Apr 2026, 14:12","","Pull Up",,"",0,"normal",,6,,,
"Week 9 - Deadlift","24 Apr 2026, 13:25","24 Apr 2026, 14:12","","Pull Up",,"",1,"normal",,5,,,
"Week 9 - Deadlift","24 Apr 2026, 13:25","24 Apr 2026, 14:12","","Pull Up",,"",2,"normal",,5,,,
"Week 9 - Deadlift","24 Apr 2026, 13:25","24 Apr 2026, 14:12","","Single Arm Cable Row",,"",0,"normal",42.5,10,,,
"Week 9 - Deadlift","24 Apr 2026, 13:25","24 Apr 2026, 14:12","","Seated Incline Curl (Dumbbell)",,"",0,"normal",20,6,,,
"Week 9 - Deadlift","24 Apr 2026, 13:25","24 Apr 2026, 14:12","","Seated Incline Curl (Dumbbell)",,"",1,"normal",17.5,7,,,
"Week 9 - Bench","22 Apr 2026, 17:00","22 Apr 2026, 17:40","","Bench Press (Barbell)",,"",0,"warmup",40,8,,,
"Week 9 - Bench","22 Apr 2026, 17:00","22 Apr 2026, 17:40","","Bench Press (Barbell)",,"",1,"warmup",60,5,,,
"Week 9 - Bench","22 Apr 2026, 17:00","22 Apr 2026, 17:40","","Bench Press (Barbell)",,"",2,"normal",90,3,,,
"Week 9 - Bench","22 Apr 2026, 17:00","22 Apr 2026, 17:40","","Bench Press (Barbell)",,"",3,"normal",90,3,,,
"Week 9 - Bench","22 Apr 2026, 17:00","22 Apr 2026, 17:40","","Bench Press (Barbell)",,"",4,"normal",90,3,,,
"Week 9 - Bench","22 Apr 2026, 17:00","22 Apr 2026, 17:40","","Bench Press (Barbell)",,"",5,"normal",90,3,,,
"Week 9 - Bench","22 Apr 2026, 17:00","22 Apr 2026, 17:40","","Close Grip Bench",,"",0,"normal",75,7,,,
"Week 9 - Bench","22 Apr 2026, 17:00","22 Apr 2026, 17:40","","Close Grip Bench",,"",1,"normal",75,8,,,
"Week 9 - Bench","22 Apr 2026, 17:00","22 Apr 2026, 17:40","","Close Grip Bench",,"",2,"normal",75,4,,,
"Week 9 - Bench","22 Apr 2026, 17:00","22 Apr 2026, 17:40","","Chest Dip",,"",0,"normal",,7,,,
"Week 9 - Bench","22 Apr 2026, 17:00","22 Apr 2026, 17:40","","Chest Dip",,"",1,"normal",,7,,,
"Week 9 - Bench","22 Apr 2026, 17:00","22 Apr 2026, 17:40","","Chest Dip",,"",2,"normal",,4,,,
"Week 9 - Bench","22 Apr 2026, 17:00","22 Apr 2026, 17:40","","Chest Dip",,"",3,"normal",,6,,,
"Week 9 - Bench","22 Apr 2026, 17:00","22 Apr 2026, 17:40","","Chest Dip",,"",4,"normal",,8,,,
"Week 9 - Bench","22 Apr 2026, 17:00","22 Apr 2026, 17:40","","Shoulder Press (Machine Plates)",,"",0,"normal",26.5,8,,,
"Week 9 - Bench","22 Apr 2026, 17:00","22 Apr 2026, 17:40","","Shoulder Press (Machine Plates)",,"",1,"normal",34.5,5,,,
"Week 9 - Bench","22 Apr 2026, 17:00","22 Apr 2026, 17:40","","Shoulder Press (Machine Plates)",,"",2,"normal",34.5,9,,,
"Week 9 - Bench","22 Apr 2026, 17:00","22 Apr 2026, 17:40","","Triceps Pushdown",,"",0,"normal",26.25,10,,,
"Week 9 - Bench","22 Apr 2026, 17:00","22 Apr 2026, 17:40","","Triceps Pushdown",,"",1,"normal",36.25,8,,,
"Week 9 - Bench","22 Apr 2026, 17:00","22 Apr 2026, 17:40","","Triceps Pushdown",,"",2,"normal",36.25,12,,,
"Week 9 - Squat","17 Apr 2026, 13:04","17 Apr 2026, 13:55","","Straight Leg Deadlift",,"",0,"normal",60,8,,,
"Week 9 - Squat","17 Apr 2026, 13:04","17 Apr 2026, 13:55","","Straight Leg Deadlift",,"",1,"normal",80,8,,,
"Week 9 - Squat","17 Apr 2026, 13:04","17 Apr 2026, 13:55","","Straight Leg Deadlift",,"",2,"normal",80,8,,,
"Week 9 - Squat","17 Apr 2026, 13:04","17 Apr 2026, 13:55","","Squat (Barbell)",,"",0,"warmup",60,5,,,
"Week 9 - Squat","17 Apr 2026, 13:04","17 Apr 2026, 13:55","","Squat (Barbell)",,"",1,"warmup",80,5,,,
"Week 9 - Squat","17 Apr 2026, 13:04","17 Apr 2026, 13:55","","Squat (Barbell)",,"",2,"normal",120,3,,,
"Week 9 - Squat","17 Apr 2026, 13:04","17 Apr 2026, 13:55","","Squat (Barbell)",,"",3,"normal",137.5,3,,,
"Week 9 - Squat","17 Apr 2026, 13:04","17 Apr 2026, 13:55","","Squat (Barbell)",,"",4,"normal",137.5,2,,,
"Week 9 - Squat","17 Apr 2026, 13:04","17 Apr 2026, 13:55","","Pause Squat (1 sec)",,"",0,"normal",120,3,,,
"Week 9 - Squat","17 Apr 2026, 13:04","17 Apr 2026, 13:55","","Pause Squat (1 sec)",,"",1,"normal",120,3,,,
"Week 9 - Squat","17 Apr 2026, 13:04","17 Apr 2026, 13:55","","Leg Extension (Machine)",,"Single leg",0,"normal",48.75,9,,,
"Week 9 - Squat","17 Apr 2026, 13:04","17 Apr 2026, 13:55","","Leg Extension (Machine)",,"Single leg",1,"normal",48.75,9,,,
"Week 9 - Squat","17 Apr 2026, 13:04","17 Apr 2026, 13:55","","Seated Leg Curl (Machine)",,"Single leg",0,"normal",48.75,10,,,
"Week 9 - Squat","17 Apr 2026, 13:04","17 Apr 2026, 13:55","","Seated Leg Curl (Machine)",,"Single leg",1,"normal",48.75,10,,,
"Week 9 - Squat","17 Apr 2026, 13:04","17 Apr 2026, 13:55","","Hanging Leg Raise",,"",0,"normal",,8,,,
"Week 9 - Squat","17 Apr 2026, 13:04","17 Apr 2026, 13:55","","Hanging Leg Raise",,"",1,"normal",,10,,,
"Week 9 - Volume","11 Apr 2026, 14:13","11 Apr 2026, 14:52","","Leg Press (Machine)",,"",0,"normal",247,9,,,
"Week 9 - Volume","11 Apr 2026, 14:13","11 Apr 2026, 14:52","","Leg Press (Machine)",,"",1,"normal",247,13,,,
"Week 9 - Volume","11 Apr 2026, 14:13","11 Apr 2026, 14:52","","Leg Press (Machine)",,"",2,"normal",247,8,,,
"Week 9 - Volume","11 Apr 2026, 14:13","11 Apr 2026, 14:52","","Incline DB Press",,"",0,"normal",27.5,8,,,
"Week 9 - Volume","11 Apr 2026, 14:13","11 Apr 2026, 14:52","","Incline DB Press",,"",1,"normal",30,8,,,
"Week 9 - Volume","11 Apr 2026, 14:13","11 Apr 2026, 14:52","","Inverted Row",,"Added 10kg for final 2 sets",0,"normal",,10,,,
"Week 9 - Volume","11 Apr 2026, 14:13","11 Apr 2026, 14:52","","Inverted Row",,"Added 10kg for final 2 sets",1,"normal",,10,,,
"Week 9 - Volume","11 Apr 2026, 14:13","11 Apr 2026, 14:52","","Inverted Row",,"Added 10kg for final 2 sets",2,"normal",,10,,,
"Week 9 - Volume","11 Apr 2026, 14:13","11 Apr 2026, 14:52","","Single Arm Landmine Press (Barbell)",,"",0,"normal",20,8,,,
"Week 9 - Volume","11 Apr 2026, 14:13","11 Apr 2026, 14:52","","Single Arm Landmine Press (Barbell)",,"",1,"normal",20,8,,,
"Week 9 - Volume","11 Apr 2026, 14:13","11 Apr 2026, 14:52","","Single Arm Landmine Press (Barbell)",,"",2,"normal",20,12,,,
"Week 9 - Volume","11 Apr 2026, 14:13","11 Apr 2026, 14:52","","Face Pull",,"",0,"normal",21,8,,,
"Week 9 - Volume","11 Apr 2026, 14:13","11 Apr 2026, 14:52","","Face Pull",,"",1,"normal",17,10,,,
"Week 9 - Volume","11 Apr 2026, 14:13","11 Apr 2026, 14:52","","Face Pull",,"",2,"normal",15,10,,,
"Week 9 - Volume","11 Apr 2026, 14:13","11 Apr 2026, 14:52","","Back Extension (Hyperextension)",,"",0,"normal",,10,,,
"Week 9 - Volume","11 Apr 2026, 14:13","11 Apr 2026, 14:52","","Back Extension (Hyperextension)",,"",1,"normal",,10,,,
"Week 8 - Deadlift (Deload)","10 Apr 2026, 13:41","10 Apr 2026, 14:13","","Deadlift (Barbell)",,"",0,"warmup",60,8,,,
"Week 8 - Deadlift (Deload)","10 Apr 2026, 13:41","10 Apr 2026, 14:13","","Deadlift (Barbell)",,"",1,"warmup",90,6,,,
"Week 8 - Deadlift (Deload)","10 Apr 2026, 13:41","10 Apr 2026, 14:13","","Deadlift (Barbell)",,"",2,"normal",107.5,6,,,
"Week 8 - Deadlift (Deload)","10 Apr 2026, 13:41","10 Apr 2026, 14:13","","Deadlift (Barbell)",,"",3,"normal",107.5,5,,,
"Week 8 - Deadlift (Deload)","10 Apr 2026, 13:41","10 Apr 2026, 14:13","","Deadlift (Barbell)",,"",4,"normal",107.5,5,,,
"Week 8 - Deadlift (Deload)","10 Apr 2026, 13:41","10 Apr 2026, 14:13","","Pull Up",,"",0,"normal",,9,,,
"Week 8 - Deadlift (Deload)","10 Apr 2026, 13:41","10 Apr 2026, 14:13","","Pull Up",,"",1,"normal",,6,,,
"Week 8 - Deadlift (Deload)","10 Apr 2026, 13:41","10 Apr 2026, 14:13","","Cable Row",,"",0,"normal",60,10,,,
"Week 8 - Deadlift (Deload)","10 Apr 2026, 13:41","10 Apr 2026, 14:13","","Cable Row",,"",1,"normal",60,13,,,
"Week 8 - Deadlift (Deload)","10 Apr 2026, 13:41","10 Apr 2026, 14:13","","Cable Row",,"",2,"normal",60,13,,,
"Week 8 - Deadlift (Deload)","10 Apr 2026, 13:41","10 Apr 2026, 14:13","","Seated Incline Curl (Dumbbell)",,"Super set the final set with standing",0,"normal",20,8,,,
"Week 8 - Deadlift (Deload)","10 Apr 2026, 13:41","10 Apr 2026, 14:13","","Seated Incline Curl (Dumbbell)",,"Super set the final set with standing",1,"normal",20,5,,,
"Week 8 - Deadlift (Deload)","10 Apr 2026, 13:41","10 Apr 2026, 14:13","","Seated Incline Curl (Dumbbell)",,"Super set the final set with standing",2,"normal",20,4,,,
"Week 8 - Deadlift (Deload)","10 Apr 2026, 13:41","10 Apr 2026, 14:13","","Seated Incline Curl (Dumbbell)",,"Super set the final set with standing",3,"dropset",20,1,,,
"Week 8 - Bench (Deload)","9 Apr 2026, 18:27","9 Apr 2026, 18:58","","Bench Press (Barbell)",,"",0,"normal",62.5,8,,,
"Week 8 - Bench (Deload)","9 Apr 2026, 18:27","9 Apr 2026, 18:58","","Bench Press (Barbell)",,"",1,"normal",62.5,8,,,
"Week 8 - Bench (Deload)","9 Apr 2026, 18:27","9 Apr 2026, 18:58","","Bench Press (Barbell)",,"",2,"normal",62.5,8,,,
"Week 8 - Bench (Deload)","9 Apr 2026, 18:27","9 Apr 2026, 18:58","","Bench Press (Barbell)",,"",3,"normal",87.5,8,,,
"Week 8 - Bench (Deload)","9 Apr 2026, 18:27","9 Apr 2026, 18:58","","Cable Fly Crossovers",,"",0,"normal",11.25,14,,,
"Week 8 - Bench (Deload)","9 Apr 2026, 18:27","9 Apr 2026, 18:58","","Cable Fly Crossovers",,"",1,"normal",11.25,12,,,
"Week 8 - Bench (Deload)","9 Apr 2026, 18:27","9 Apr 2026, 18:58","","Cable Fly Crossovers",,"",2,"normal",11.25,12,,,
"Week 8 - Bench (Deload)","9 Apr 2026, 18:27","9 Apr 2026, 18:58","","Triceps Pushdown",,"",0,"normal",36.25,13,,,
"Week 8 - Bench (Deload)","9 Apr 2026, 18:27","9 Apr 2026, 18:58","","Triceps Pushdown",,"",1,"normal",36.25,12,,,
"Week 8 - Bench (Deload)","9 Apr 2026, 18:27","9 Apr 2026, 18:58","","Seated Dip Machine",,"",0,"normal",102,9,,,
"Week 8 - Bench (Deload)","9 Apr 2026, 18:27","9 Apr 2026, 18:58","","Seated Dip Machine",,"",1,"normal",102,8,,,
"Week 8 - Bench (Deload)","9 Apr 2026, 18:27","9 Apr 2026, 18:58","","Seated Dip Machine",,"",2,"normal",102,8,,,
"Week 8 - Squat (Deload)","8 Apr 2026, 13:25","8 Apr 2026, 14:04","","Straight Leg Deadlift",,"",0,"normal",60,8,,,
"Week 8 - Squat (Deload)","8 Apr 2026, 13:25","8 Apr 2026, 14:04","","Straight Leg Deadlift",,"",1,"normal",60,8,,,
"Week 8 - Squat (Deload)","8 Apr 2026, 13:25","8 Apr 2026, 14:04","","Straight Leg Deadlift",,"",2,"normal",60,10,,,
"Week 8 - Squat (Deload)","8 Apr 2026, 13:25","8 Apr 2026, 14:04","","Squat (Barbell)",,"",0,"normal",60,10,,,
"Week 8 - Squat (Deload)","8 Apr 2026, 13:25","8 Apr 2026, 14:04","","Squat (Barbell)",,"",1,"normal",60,9,,,
"Week 8 - Squat (Deload)","8 Apr 2026, 13:25","8 Apr 2026, 14:04","","Squat (Barbell)",,"",2,"normal",60,8,,,
"Week 8 - Squat (Deload)","8 Apr 2026, 13:25","8 Apr 2026, 14:04","","Leg Extension (Machine)",,"",0,"normal",35,13,,,
"Week 8 - Squat (Deload)","8 Apr 2026, 13:25","8 Apr 2026, 14:04","","Leg Extension (Machine)",,"",1,"normal",35,18,,,
"Week 8 - Squat (Deload)","8 Apr 2026, 13:25","8 Apr 2026, 14:04","","Leg Extension (Machine)",,"",2,"normal",50,15,,,
"Week 8 - Squat (Deload)","8 Apr 2026, 13:25","8 Apr 2026, 14:04","","Hanging Leg Raise",,"",0,"normal",,8,,,
"Week 8 - Squat (Deload)","8 Apr 2026, 13:25","8 Apr 2026, 14:04","","Hanging Leg Raise",,"",1,"normal",,8,,,
"Week 7 - Deadlift (Heavy)","5 Apr 2026, 08:26","5 Apr 2026, 09:33","","Deadlift (Barbell)",,"",0,"warmup",60,5,,,
"Week 7 - Deadlift (Heavy)","5 Apr 2026, 08:26","5 Apr 2026, 09:33","","Deadlift (Barbell)",,"",1,"warmup",90,5,,,
"Week 7 - Deadlift (Heavy)","5 Apr 2026, 08:26","5 Apr 2026, 09:33","","Deadlift (Barbell)",,"",2,"warmup",140,3,,,
"Week 7 - Deadlift (Heavy)","5 Apr 2026, 08:26","5 Apr 2026, 09:33","","Deadlift (Barbell)",,"",3,"normal",152.5,3,,,
"Week 7 - Deadlift (Heavy)","5 Apr 2026, 08:26","5 Apr 2026, 09:33","","Deadlift (Barbell)",,"",4,"normal",152.5,3,,,
"Week 7 - Deadlift (Heavy)","5 Apr 2026, 08:26","5 Apr 2026, 09:33","","Deadlift (Barbell)",,"",5,"normal",152.5,3,,,
"Week 7 - Deadlift (Heavy)","5 Apr 2026, 08:26","5 Apr 2026, 09:33","","Deadlift (Barbell)",,"",6,"normal",152.5,3,,,
"Week 7 - Deadlift (Heavy)","5 Apr 2026, 08:26","5 Apr 2026, 09:33","","Paused Deadlift (below knee)",,"",0,"normal",125,3,,,
"Week 7 - Deadlift (Heavy)","5 Apr 2026, 08:26","5 Apr 2026, 09:33","","Paused Deadlift (below knee)",,"",1,"normal",125,3,,,
"Week 7 - Deadlift (Heavy)","5 Apr 2026, 08:26","5 Apr 2026, 09:33","","Paused Deadlift (below knee)",,"",2,"normal",125,3,,,
"Week 7 - Deadlift (Heavy)","5 Apr 2026, 08:26","5 Apr 2026, 09:33","","Pull Up",,"",0,"normal",,5,,,
"Week 7 - Deadlift (Heavy)","5 Apr 2026, 08:26","5 Apr 2026, 09:33","","Pull Up",,"",1,"normal",,5,,,
"Week 7 - Deadlift (Heavy)","5 Apr 2026, 08:26","5 Apr 2026, 09:33","","Pull Up",,"",2,"normal",,6,,,
"Week 7 - Deadlift (Heavy)","5 Apr 2026, 08:26","5 Apr 2026, 09:33","","Dumbbell Row",,"",0,"normal",26,10,,,
"Week 7 - Deadlift (Heavy)","5 Apr 2026, 08:26","5 Apr 2026, 09:33","","Dumbbell Row",,"",1,"normal",30,7,,,
"Week 7 - Deadlift (Heavy)","5 Apr 2026, 08:26","5 Apr 2026, 09:33","","Bicep Curl (Dumbbell)",,"",0,"normal",18,10,,,
"Week 7 - Deadlift (Heavy)","5 Apr 2026, 08:26","5 Apr 2026, 09:33","","Bicep Curl (Dumbbell)",,"",1,"normal",18,6,,,
"Week 7 - Bench (Heavy)","3 Apr 2026, 10:39","3 Apr 2026, 11:23","","Bench Press (Barbell)",,"",0,"warmup",40,5,,,
"Week 7 - Bench (Heavy)","3 Apr 2026, 10:39","3 Apr 2026, 11:23","","Bench Press (Barbell)",,"",1,"warmup",60,5,,,
"Week 7 - Bench (Heavy)","3 Apr 2026, 10:39","3 Apr 2026, 11:23","","Bench Press (Barbell)",,"",2,"normal",87.5,3,,,
"Week 7 - Bench (Heavy)","3 Apr 2026, 10:39","3 Apr 2026, 11:23","","Bench Press (Barbell)",,"",3,"normal",87.5,3,,,
"Week 7 - Bench (Heavy)","3 Apr 2026, 10:39","3 Apr 2026, 11:23","","Bench Press (Barbell)",,"",4,"normal",87.5,3,,,
"Week 7 - Bench (Heavy)","3 Apr 2026, 10:39","3 Apr 2026, 11:23","","Bench Press (Barbell)",,"",5,"normal",87.5,3,,,
"Week 7 - Bench (Heavy)","3 Apr 2026, 10:39","3 Apr 2026, 11:23","","Spoto Press (1"" pause)",,"",0,"normal",75,3,,,
"Week 7 - Bench (Heavy)","3 Apr 2026, 10:39","3 Apr 2026, 11:23","","Spoto Press (1"" pause)",,"",1,"normal",75,3,,,
"Week 7 - Bench (Heavy)","3 Apr 2026, 10:39","3 Apr 2026, 11:23","","Spoto Press (1"" pause)",,"",2,"normal",75,3,,,
"Week 7 - Bench (Heavy)","3 Apr 2026, 10:39","3 Apr 2026, 11:23","","Incline Chest Press (Machine)",,"",0,"normal",60,11,,,
"Week 7 - Bench (Heavy)","3 Apr 2026, 10:39","3 Apr 2026, 11:23","","Incline Chest Press (Machine)",,"",1,"normal",70,10,,,
"Week 7 - Bench (Heavy)","3 Apr 2026, 10:39","3 Apr 2026, 11:23","","Incline Chest Press (Machine)",,"",2,"normal",80,10,,,
"Week 7 - Bench (Heavy)","3 Apr 2026, 10:39","3 Apr 2026, 11:23","","Incline Chest Press (Machine)",,"",3,"normal",80,8,,,
"Week 7 - Bench (Heavy)","3 Apr 2026, 10:39","3 Apr 2026, 11:23","","Chest Dip",,"",0,"normal",,7,,,
"Week 7 - Bench (Heavy)","3 Apr 2026, 10:39","3 Apr 2026, 11:23","","Chest Dip",,"",1,"normal",,8,,,
"Week 7 - Bench (Heavy)","3 Apr 2026, 10:39","3 Apr 2026, 11:23","","Chest Dip",,"",2,"normal",,9,,,
"Week 7 - Bench (Heavy)","3 Apr 2026, 10:39","3 Apr 2026, 11:23","","Triceps Pushdown",,"",0,"normal",31.25,11,,,
"Week 7 - Bench (Heavy)","3 Apr 2026, 10:39","3 Apr 2026, 11:23","","Triceps Pushdown",,"",1,"normal",41.25,11,,,
"Week 7 - Bench (Heavy)","3 Apr 2026, 10:39","3 Apr 2026, 11:23","","Triceps Pushdown",,"",2,"normal",41.25,10,,,
"Week 7 - Squat (Heavy)","2 Apr 2026, 16:51","2 Apr 2026, 17:46","","Hack Squat",,"",0,"warmup",77,4,,,
"Week 7 - Squat (Heavy)","2 Apr 2026, 16:51","2 Apr 2026, 17:46","","Hack Squat",,"",1,"warmup",100,3,,,
"Week 7 - Squat (Heavy)","2 Apr 2026, 16:51","2 Apr 2026, 17:46","","Hack Squat",,"",2,"normal",135,3,,,
"Week 7 - Squat (Heavy)","2 Apr 2026, 16:51","2 Apr 2026, 17:46","","Hack Squat",,"",3,"normal",135,3,,,
"Week 7 - Squat (Heavy)","2 Apr 2026, 16:51","2 Apr 2026, 17:46","","Hack Squat",,"",4,"normal",135,3,,,
"Week 7 - Squat (Heavy)","2 Apr 2026, 16:51","2 Apr 2026, 17:46","","Hack Squat",,"",5,"normal",135,3,,,
"Week 7 - Squat (Heavy)","2 Apr 2026, 16:51","2 Apr 2026, 17:46","","Pause Squat (2 sec)",,"",0,"normal",112.5,3,,,
"Week 7 - Squat (Heavy)","2 Apr 2026, 16:51","2 Apr 2026, 17:46","","Pause Squat (2 sec)",,"",1,"normal",112.5,3,,,
"Week 7 - Squat (Heavy)","2 Apr 2026, 16:51","2 Apr 2026, 17:46","","Pause Squat (2 sec)",,"",2,"normal",112.5,3,,,
"Week 7 - Squat (Heavy)","2 Apr 2026, 16:51","2 Apr 2026, 17:46","","Back Extension (Hyperextension)",,"",0,"normal",,10,,,
"Week 7 - Squat (Heavy)","2 Apr 2026, 16:51","2 Apr 2026, 17:46","","Back Extension (Hyperextension)",,"",1,"normal",,10,,,
"Week 7 - Squat (Heavy)","2 Apr 2026, 16:51","2 Apr 2026, 17:46","","Leg Extension (Machine)",,"Single leg",0,"normal",42.5,15,,,
"Week 7 - Squat (Heavy)","2 Apr 2026, 16:51","2 Apr 2026, 17:46","","Leg Extension (Machine)",,"Single leg",1,"normal",50,15,,,
"Week 7 - Squat (Heavy)","2 Apr 2026, 16:51","2 Apr 2026, 17:46","","Leg Extension (Machine)",,"Single leg",2,"normal",50,15,,,
"Week 7 - Squat (Heavy)","2 Apr 2026, 16:51","2 Apr 2026, 17:46","","Cable Crunch",,"",0,"normal",40,16,,,
"Week 7 - Squat (Heavy)","2 Apr 2026, 16:51","2 Apr 2026, 17:46","","Cable Crunch",,"",1,"normal",43.75,12,,,
"Week 7 - Squat (Heavy)","2 Apr 2026, 16:51","2 Apr 2026, 17:46","","Cable Crunch",,"",2,"normal",43.75,12,,,
"Week 7 - Squat (Heavy)","2 Apr 2026, 16:51","2 Apr 2026, 17:46","","Single Leg Romanian Deadlift (Dumbbell)",,"",0,"normal",18,10,,,
"Week 7 - Squat (Heavy)","2 Apr 2026, 16:51","2 Apr 2026, 17:46","","Single Leg Romanian Deadlift (Dumbbell)",,"",1,"normal",18,8,,,
"Week 7 - Squat (Heavy)","2 Apr 2026, 16:51","2 Apr 2026, 17:46","","Single Leg Romanian Deadlift (Dumbbell)",,"",2,"normal",14,8,,,
"Week 6 - Volume","31 Mar 2026, 13:09","31 Mar 2026, 14:10","","Single Leg Romanian Deadlift (Dumbbell)",,"",0,"normal",20,8,,,
"Week 6 - Volume","31 Mar 2026, 13:09","31 Mar 2026, 14:10","","Single Leg Romanian Deadlift (Dumbbell)",,"",1,"normal",20,8,,,
"Week 6 - Volume","31 Mar 2026, 13:09","31 Mar 2026, 14:10","","Single Leg Romanian Deadlift (Dumbbell)",,"",2,"normal",20,8,,,
"Week 6 - Volume","31 Mar 2026, 13:09","31 Mar 2026, 14:10","","Chest Dip",,"",0,"normal",,8,,,
"Week 6 - Volume","31 Mar 2026, 13:09","31 Mar 2026, 14:10","","Chest Dip",,"",1,"normal",,7,,,
"Week 6 - Volume","31 Mar 2026, 13:09","31 Mar 2026, 14:10","","Chest Dip",,"",2,"normal",,7,,,
"Week 6 - Volume","31 Mar 2026, 13:09","31 Mar 2026, 14:10","","Front Squat",,"",0,"normal",60,5,,,
"Week 6 - Volume","31 Mar 2026, 13:09","31 Mar 2026, 14:10","","Front Squat",,"",1,"normal",60,5,,,
"Week 6 - Volume","31 Mar 2026, 13:09","31 Mar 2026, 14:10","","Zercher Squat",,"",0,"normal",90,3,,,
"Week 6 - Volume","31 Mar 2026, 13:09","31 Mar 2026, 14:10","","Zercher Squat",,"",1,"normal",90,5,,,
"Week 6 - Volume","31 Mar 2026, 13:09","31 Mar 2026, 14:10","","Hanging Leg Raise",,"",0,"normal",,8,,,
"Week 6 - Volume","31 Mar 2026, 13:09","31 Mar 2026, 14:10","","Hanging Leg Raise",,"",1,"normal",,8,,,
"Week 6 - Volume","31 Mar 2026, 13:09","31 Mar 2026, 14:10","","Hanging Leg Raise",,"",2,"normal",,8,,,
"Week 6 - Volume","31 Mar 2026, 13:09","31 Mar 2026, 14:10","","Inverted Row (Rings)",,"",0,"normal",,10,,,
"Week 6 - Volume","31 Mar 2026, 13:09","31 Mar 2026, 14:10","","Inverted Row (Rings)",,"",1,"normal",,11,,,
"Week 6 - Volume","31 Mar 2026, 13:09","31 Mar 2026, 14:10","","Inverted Row (Rings)",,"",2,"normal",,12,,,
"Week 6 - Volume","31 Mar 2026, 13:09","31 Mar 2026, 14:10","","Single Arm Landmine Press (Barbell)",,"",0,"normal",15,12,,,
"Week 6 - Volume","31 Mar 2026, 13:09","31 Mar 2026, 14:10","","Single Arm Landmine Press (Barbell)",,"",1,"normal",20,12,,,
"Week 6 - Volume","31 Mar 2026, 13:09","31 Mar 2026, 14:10","","Single Arm Landmine Press (Barbell)",,"",2,"normal",20,12,,,
"Week 6 - Volume","31 Mar 2026, 13:09","31 Mar 2026, 14:10","","Briefcase Carry",,"",0,"normal",18,,,,
"Week 6 - Volume","31 Mar 2026, 13:09","31 Mar 2026, 14:10","","Briefcase Carry",,"",1,"normal",18,,,,
"Week 6 - Volume","31 Mar 2026, 13:09","31 Mar 2026, 14:10","","Briefcase Carry",,"",2,"normal",24,,,,
"Week 6 - Deadlift","27 Mar 2026, 12:44","27 Mar 2026, 13:34","","Deadlift (Barbell)",,"",0,"warmup",60,5,,,
"Week 6 - Deadlift","27 Mar 2026, 12:44","27 Mar 2026, 13:34","","Deadlift (Barbell)",,"",1,"warmup",90,5,,,
"Week 6 - Deadlift","27 Mar 2026, 12:44","27 Mar 2026, 13:34","","Deadlift (Barbell)",,"",2,"normal",145,4,,,
"Week 6 - Deadlift","27 Mar 2026, 12:44","27 Mar 2026, 13:34","","Deadlift (Barbell)",,"",3,"normal",145,4,,,
"Week 6 - Deadlift","27 Mar 2026, 12:44","27 Mar 2026, 13:34","","Deadlift (Barbell)",,"",4,"normal",145,4,,,
"Week 6 - Deadlift","27 Mar 2026, 12:44","27 Mar 2026, 13:34","","Deadlift (Barbell)",,"",5,"normal",145,4,,,
"Week 6 - Deadlift","27 Mar 2026, 12:44","27 Mar 2026, 13:34","","Deadlift (Barbell)",,"",6,"normal",145,4,,,
"Week 6 - Deadlift","27 Mar 2026, 12:44","27 Mar 2026, 13:34","","Deficit Deadlift (2.5cm)",,"",0,"normal",125,3,,,
"Week 6 - Deadlift","27 Mar 2026, 12:44","27 Mar 2026, 13:34","","Deficit Deadlift (2.5cm)",,"",1,"normal",125,3,,,
"Week 6 - Deadlift","27 Mar 2026, 12:44","27 Mar 2026, 13:34","","Deficit Deadlift (2.5cm)",,"",2,"normal",125,3,,,
"Week 6 - Deadlift","27 Mar 2026, 12:44","27 Mar 2026, 13:34","","Pull Up",,"",0,"normal",,5,,,
"Week 6 - Deadlift","27 Mar 2026, 12:44","27 Mar 2026, 13:34","","Pull Up",,"",1,"normal",,6,,,
"Week 6 - Deadlift","27 Mar 2026, 12:44","27 Mar 2026, 13:34","","Pull Up",,"",2,"normal",,4,,,
"Week 6 - Deadlift","27 Mar 2026, 12:44","27 Mar 2026, 13:34","","Pull Up",,"",3,"normal",,5,,,
"Week 6 - Deadlift","27 Mar 2026, 12:44","27 Mar 2026, 13:34","","Seated Cable Row - V Grip (Cable)",,"",0,"normal",80,13,,,
"Week 6 - Deadlift","27 Mar 2026, 12:44","27 Mar 2026, 13:34","","Seated Cable Row - V Grip (Cable)",,"",1,"normal",70,11,,,
"Week 6 - Deadlift","27 Mar 2026, 12:44","27 Mar 2026, 13:34","","Seated Incline Curl (Dumbbell)",,"",0,"normal",15,8,,,
"Week 6 - Deadlift","27 Mar 2026, 12:44","27 Mar 2026, 13:34","","Seated Incline Curl (Dumbbell)",,"",1,"normal",15,9,,,
"Week 6 - Deadlift","27 Mar 2026, 12:44","27 Mar 2026, 13:34","","Seated Incline Curl (Dumbbell)",,"",2,"normal",15,6,,,
"Week 6 - Bench","24 Mar 2026, 18:27","24 Mar 2026, 19:19","","Bench Press (Barbell)",,"",0,"warmup",20,5,,,
"Week 6 - Bench","24 Mar 2026, 18:27","24 Mar 2026, 19:19","","Bench Press (Barbell)",,"",1,"warmup",50,5,,,
"Week 6 - Bench","24 Mar 2026, 18:27","24 Mar 2026, 19:19","","Bench Press (Barbell)",,"",2,"normal",82.5,4,,,
"Week 6 - Bench","24 Mar 2026, 18:27","24 Mar 2026, 19:19","","Bench Press (Barbell)",,"",3,"normal",82.5,4,,,
"Week 6 - Bench","24 Mar 2026, 18:27","24 Mar 2026, 19:19","","Bench Press (Barbell)",,"",4,"normal",82.5,4,,,
"Week 6 - Bench","24 Mar 2026, 18:27","24 Mar 2026, 19:19","","Bench Press (Barbell)",,"",5,"normal",82.5,4,,,
"Week 6 - Bench","24 Mar 2026, 18:27","24 Mar 2026, 19:19","","Bench Press (Barbell)",,"",6,"normal",82.5,4,,,
"Week 6 - Bench","24 Mar 2026, 18:27","24 Mar 2026, 19:19","","Spoto Press (1"" pause)",,"",0,"normal",72.5,4,,,
"Week 6 - Bench","24 Mar 2026, 18:27","24 Mar 2026, 19:19","","Spoto Press (1"" pause)",,"",1,"normal",72.5,4,,,
"Week 6 - Bench","24 Mar 2026, 18:27","24 Mar 2026, 19:19","","Spoto Press (1"" pause)",,"",2,"normal",72.5,5,,,
"Week 6 - Bench","24 Mar 2026, 18:27","24 Mar 2026, 19:19","","Chest Dip",,"",0,"normal",,10,,,
"Week 6 - Bench","24 Mar 2026, 18:27","24 Mar 2026, 19:19","","Chest Dip",,"",1,"normal",,7,,,
"Week 6 - Bench","24 Mar 2026, 18:27","24 Mar 2026, 19:19","","Chest Dip",,"",2,"normal",,5,,,
"Week 6 - Bench","24 Mar 2026, 18:27","24 Mar 2026, 19:19","","Incline DB Press",,"",0,"normal",20,15,,,
"Week 6 - Bench","24 Mar 2026, 18:27","24 Mar 2026, 19:19","","Incline DB Press",,"",1,"normal",22.5,11,,,
"Week 6 - Bench","24 Mar 2026, 18:27","24 Mar 2026, 19:19","","Incline DB Press",,"",2,"normal",27.5,10,,,
"Week 6 - Bench","24 Mar 2026, 18:27","24 Mar 2026, 19:19","","Incline DB Press",,"",3,"normal",27.5,11,,,
"Week 6 - Bench","24 Mar 2026, 18:27","24 Mar 2026, 19:19","","Triceps Pushdown",,"",0,"normal",40,12,,,
"Week 6 - Bench","24 Mar 2026, 18:27","24 Mar 2026, 19:19","","Triceps Pushdown",,"",1,"normal",43.75,15,,,
"Week 6 - Bench","24 Mar 2026, 18:27","24 Mar 2026, 19:19","","Triceps Pushdown",,"",2,"normal",43.75,12,,,
"Week 6 - Bench","24 Mar 2026, 18:27","24 Mar 2026, 19:19","","Face Pull",,"",0,"normal",15,12,,,
"Week 6 - Bench","24 Mar 2026, 18:27","24 Mar 2026, 19:19","","Face Pull",,"",1,"normal",17.5,16,,,
"Week 6 - Bench","24 Mar 2026, 18:27","24 Mar 2026, 19:19","","Face Pull",,"",2,"normal",21.25,14,,,
"Week 6 - Bench","24 Mar 2026, 18:27","24 Mar 2026, 19:19","","Cable Crunch",,"",0,"normal",40,11,,,
"Week 6 - Bench","24 Mar 2026, 18:27","24 Mar 2026, 19:19","","Cable Crunch",,"",1,"normal",47.75,14,,,
"Week 6 - Bench","24 Mar 2026, 18:27","24 Mar 2026, 19:19","","Cable Crunch",,"",2,"normal",40,12,,,
"Week 6 - Squat","21 Mar 2026, 14:10","21 Mar 2026, 15:13","","Leg Press (Machine)",,"",0,"normal",187,11,,,
"Week 6 - Squat","21 Mar 2026, 14:10","21 Mar 2026, 15:13","","Leg Press (Machine)",,"",1,"normal",287,10,,,
"Week 6 - Squat","21 Mar 2026, 14:10","21 Mar 2026, 15:13","","Leg Press (Machine)",,"",2,"normal",337,10,,,
"Week 6 - Squat","21 Mar 2026, 14:10","21 Mar 2026, 15:13","","Leg Press (Machine)",,"",3,"normal",337,10,,,
"Week 6 - Squat","21 Mar 2026, 14:10","21 Mar 2026, 15:13","","Leg Press (Machine)",,"",4,"normal",337,10,,,
"Week 6 - Squat","21 Mar 2026, 14:10","21 Mar 2026, 15:13","","Pause Squat (2 sec)",,"High bar",0,"warmup",60,5,,,
"Week 6 - Squat","21 Mar 2026, 14:10","21 Mar 2026, 15:13","","Pause Squat (2 sec)",,"High bar",1,"warmup",80,5,,,
"Week 6 - Squat","21 Mar 2026, 14:10","21 Mar 2026, 15:13","","Pause Squat (2 sec)",,"High bar",2,"normal",110,3,,,
"Week 6 - Squat","21 Mar 2026, 14:10","21 Mar 2026, 15:13","","Pause Squat (2 sec)",,"High bar",3,"normal",110,3,,,
"Week 6 - Squat","21 Mar 2026, 14:10","21 Mar 2026, 15:13","","Pause Squat (2 sec)",,"High bar",4,"normal",110,3,,,
"Week 6 - Squat","21 Mar 2026, 14:10","21 Mar 2026, 15:13","","Bulgarian Split Squat",,"",0,"normal",12,10,,,
"Week 6 - Squat","21 Mar 2026, 14:10","21 Mar 2026, 15:13","","Bulgarian Split Squat",,"",1,"normal",12,10,,,
"Week 6 - Squat","21 Mar 2026, 14:10","21 Mar 2026, 15:13","","Bulgarian Split Squat",,"",2,"normal",,10,,,
"Week 6 - Squat","21 Mar 2026, 14:10","21 Mar 2026, 15:13","","Leg Extension (Machine)",,"",0,"normal",83.75,11,,,
"Week 6 - Squat","21 Mar 2026, 14:10","21 Mar 2026, 15:13","","Leg Extension (Machine)",,"",1,"normal",38.75,10,,,
"Week 6 - Squat","21 Mar 2026, 14:10","21 Mar 2026, 15:13","","Leg Extension (Machine)",,"",2,"normal",38.75,10,,,
"Week 6 - Squat","21 Mar 2026, 14:10","21 Mar 2026, 15:13","","Cable Crunch",,"",0,"normal",40,14,,,
"Week 6 - Squat","21 Mar 2026, 14:10","21 Mar 2026, 15:13","","Cable Crunch",,"",1,"normal",40,14,,,
"Week 6 - Squat","21 Mar 2026, 14:10","21 Mar 2026, 15:13","","Back Extension (Hyperextension)",,"",0,"normal",,10,,,
"Week 6 - Squat","21 Mar 2026, 14:10","21 Mar 2026, 15:13","","Back Extension (Hyperextension)",,"",1,"normal",,10,,,
"Week 6 - Squat","21 Mar 2026, 14:10","21 Mar 2026, 15:13","","Back Extension (Hyperextension)",,"",2,"normal",,10,,,
"Week 6 - Squat","21 Mar 2026, 14:10","21 Mar 2026, 15:13","","Hanging Leg Raise",,"",0,"normal",,8,,,
"Week 6 - Squat","21 Mar 2026, 14:10","21 Mar 2026, 15:13","","Hanging Leg Raise",,"",1,"normal",,7,,,
"Volume","19 Mar 2026, 13:04","19 Mar 2026, 13:36","","Barbell Zercher Lunge",,"",0,"normal",40,5,,,
"Volume","19 Mar 2026, 13:04","19 Mar 2026, 13:36","","Barbell Zercher Lunge",,"",1,"normal",40,8,,,
"Volume","19 Mar 2026, 13:04","19 Mar 2026, 13:36","","Barbell Zercher Lunge",,"",2,"normal",40,8,,,
"Volume","19 Mar 2026, 13:04","19 Mar 2026, 13:36","","Chest Dip",,"",0,"normal",,7,,,
"Volume","19 Mar 2026, 13:04","19 Mar 2026, 13:36","","Chest Dip",,"",1,"normal",,6,,,
"Volume","19 Mar 2026, 13:04","19 Mar 2026, 13:36","","Chest Dip",,"",2,"normal",,8,,,
"Volume","19 Mar 2026, 13:04","19 Mar 2026, 13:36","","Seated Cable Row - V Grip (Cable)",,"",0,"normal",70,13,,,
"Volume","19 Mar 2026, 13:04","19 Mar 2026, 13:36","","Seated Cable Row - V Grip (Cable)",,"",1,"normal",80,14,,,
"Volume","19 Mar 2026, 13:04","19 Mar 2026, 13:36","","Seated Cable Row - V Grip (Cable)",,"",2,"normal",80,14,,,
"Volume","19 Mar 2026, 13:04","19 Mar 2026, 13:36","","Single Arm Landmine Press (Barbell)",,"",0,"normal",20,10,,,
"Volume","19 Mar 2026, 13:04","19 Mar 2026, 13:36","","Single Arm Landmine Press (Barbell)",,"",1,"normal",20,12,,,
"Volume","19 Mar 2026, 13:04","19 Mar 2026, 13:36","","Single Arm Landmine Press (Barbell)",,"",2,"normal",20,12,,,
"Bench","17 Mar 2026, 15:16","17 Mar 2026, 15:59","","Bench Press (Barbell)",,"",0,"warmup",20,5,,,
"Bench","17 Mar 2026, 15:16","17 Mar 2026, 15:59","","Bench Press (Barbell)",,"",1,"warmup",45,5,,,
"Bench","17 Mar 2026, 15:16","17 Mar 2026, 15:59","","Bench Press (Barbell)",,"",2,"normal",77.5,5,,,
"Bench","17 Mar 2026, 15:16","17 Mar 2026, 15:59","","Bench Press (Barbell)",,"",3,"normal",77.5,5,,,
"Bench","17 Mar 2026, 15:16","17 Mar 2026, 15:59","","Bench Press (Barbell)",,"",4,"normal",77.5,5,,,
"Bench","17 Mar 2026, 15:16","17 Mar 2026, 15:59","","Bench Press (Barbell)",,"",5,"normal",77.5,5,,,
"Bench","17 Mar 2026, 15:16","17 Mar 2026, 15:59","","Bench Press (Barbell)",,"",6,"normal",77.5,5,,,
"Bench","17 Mar 2026, 15:16","17 Mar 2026, 15:59","","Spoto Press (1"" pause)",,"",0,"normal",67.5,5,,,
"Bench","17 Mar 2026, 15:16","17 Mar 2026, 15:59","","Spoto Press (1"" pause)",,"",1,"normal",67.5,5,,,
"Bench","17 Mar 2026, 15:16","17 Mar 2026, 15:59","","Spoto Press (1"" pause)",,"",2,"normal",67.5,5,,,
"Bench","17 Mar 2026, 15:16","17 Mar 2026, 15:59","","Chest Dip",,"",0,"normal",,8,,,
"Bench","17 Mar 2026, 15:16","17 Mar 2026, 15:59","","Chest Dip",,"",1,"normal",,6,,,
"Bench","17 Mar 2026, 15:16","17 Mar 2026, 15:59","","Chest Dip",,"",2,"normal",,7,,,
"Bench","17 Mar 2026, 15:16","17 Mar 2026, 15:59","","Cable Fly Crossovers",,"",0,"normal",8.75,14,,,
"Bench","17 Mar 2026, 15:16","17 Mar 2026, 15:59","","Cable Fly Crossovers",,"",1,"normal",8.75,14,,,
"Bench","17 Mar 2026, 15:16","17 Mar 2026, 15:59","","Cable Fly Crossovers",,"",2,"normal",8.75,12,,,
"Bench","17 Mar 2026, 15:16","17 Mar 2026, 15:59","","Triceps Pushdown",,"",0,"normal",31,18,,,
"Bench","17 Mar 2026, 15:16","17 Mar 2026, 15:59","","Triceps Pushdown",,"",1,"normal",38.75,13,,,
"Bench","17 Mar 2026, 15:16","17 Mar 2026, 15:59","","Triceps Pushdown",,"",2,"normal",38.75,6,,,
"Bench","17 Mar 2026, 15:16","17 Mar 2026, 15:59","","Briefcase Carry",,"",0,"normal",36,,,,
"Bench","17 Mar 2026, 15:16","17 Mar 2026, 15:59","","Briefcase Carry",,"",1,"normal",36,,,,
"Afternoon workout 💪","14 Mar 2026, 13:20","14 Mar 2026, 14:12","","Straight Leg Deadlift",,"",0,"normal",60,8,,,
"Afternoon workout 💪","14 Mar 2026, 13:20","14 Mar 2026, 14:12","","Straight Leg Deadlift",,"",1,"normal",80,8,,,
"Afternoon workout 💪","14 Mar 2026, 13:20","14 Mar 2026, 14:12","","Straight Leg Deadlift",,"",2,"normal",90,10,,,
"Afternoon workout 💪","14 Mar 2026, 13:20","14 Mar 2026, 14:12","","Straight Leg Deadlift",,"",3,"normal",90,10,,,
"Afternoon workout 💪","14 Mar 2026, 13:20","14 Mar 2026, 14:12","","Zercher Squat",,"",0,"normal",70,8,,,
"Afternoon workout 💪","14 Mar 2026, 13:20","14 Mar 2026, 14:12","","Zercher Squat",,"",1,"normal",90,8,,,
"Afternoon workout 💪","14 Mar 2026, 13:20","14 Mar 2026, 14:12","","Zercher Squat",,"",2,"normal",120,1,,,
"Afternoon workout 💪","14 Mar 2026, 13:20","14 Mar 2026, 14:12","","Zercher Squat",,"",3,"normal",130,4,,,
"Afternoon workout 💪","14 Mar 2026, 13:20","14 Mar 2026, 14:12","","Zercher Squat",,"",4,"normal",140,1,,,
"Afternoon workout 💪","14 Mar 2026, 13:20","14 Mar 2026, 14:12","","Bench Press (Barbell)",,"",0,"normal",60,8,,,
"Afternoon workout 💪","14 Mar 2026, 13:20","14 Mar 2026, 14:12","","Bench Press (Barbell)",,"",1,"normal",60,15,,,
"Afternoon workout 💪","14 Mar 2026, 13:20","14 Mar 2026, 14:12","","Bench Press (Barbell)",,"",2,"normal",60,22,,,
"Afternoon workout 💪","14 Mar 2026, 13:20","14 Mar 2026, 14:12","","Cable Crunch",,"",0,"normal",40,12,,,
"Afternoon workout 💪","14 Mar 2026, 13:20","14 Mar 2026, 14:12","","Cable Crunch",,"",1,"normal",40,12,,,
"Afternoon workout 💪","14 Mar 2026, 13:20","14 Mar 2026, 14:12","","Cable Crunch",,"",2,"normal",40,12,,,
"Deadlift","13 Mar 2026, 18:44","13 Mar 2026, 19:57","","Deadlift (Barbell)",,"",0,"warmup",70,5,,,
"Deadlift","13 Mar 2026, 18:44","13 Mar 2026, 19:57","","Deadlift (Barbell)",,"",1,"warmup",110,5,,,
"Deadlift","13 Mar 2026, 18:44","13 Mar 2026, 19:57","","Deadlift (Barbell)",,"",2,"normal",135,5,,,
"Deadlift","13 Mar 2026, 18:44","13 Mar 2026, 19:57","","Deadlift (Barbell)",,"",3,"normal",135,5,,,
"Deadlift","13 Mar 2026, 18:44","13 Mar 2026, 19:57","","Deadlift (Barbell)",,"",4,"normal",135,5,,,
"Deadlift","13 Mar 2026, 18:44","13 Mar 2026, 19:57","","Deadlift (Barbell)",,"",5,"normal",135,5,,,
"Deadlift","13 Mar 2026, 18:44","13 Mar 2026, 19:57","","Deadlift (Barbell)",,"",6,"normal",135,5,,,
"Deadlift","13 Mar 2026, 18:44","13 Mar 2026, 19:57","","Deficit Deadlift (2.5cm)",,"",0,"normal",117.5,4,,,
"Deadlift","13 Mar 2026, 18:44","13 Mar 2026, 19:57","","Deficit Deadlift (2.5cm)",,"",1,"normal",117.5,4,,,
"Deadlift","13 Mar 2026, 18:44","13 Mar 2026, 19:57","","Deficit Deadlift (2.5cm)",,"",2,"normal",117.5,4,,,
"Deadlift","13 Mar 2026, 18:44","13 Mar 2026, 19:57","","Pull Up",,"",0,"normal",,5,,,
"Deadlift","13 Mar 2026, 18:44","13 Mar 2026, 19:57","","Pull Up",,"",1,"normal",,5,,,
"Deadlift","13 Mar 2026, 18:44","13 Mar 2026, 19:57","","Pull Up",,"",2,"normal",,5,,,
"Deadlift","13 Mar 2026, 18:44","13 Mar 2026, 19:57","","Pull Up",,"",3,"normal",,5,,,
"Deadlift","13 Mar 2026, 18:44","13 Mar 2026, 19:57","","Dumbbell Row",,"",0,"normal",28,12,,,
"Deadlift","13 Mar 2026, 18:44","13 Mar 2026, 19:57","","Dumbbell Row",,"",1,"normal",28,12,,,
"Deadlift","13 Mar 2026, 18:44","13 Mar 2026, 19:57","","Preacher Curl (Dumbbell)",,"",0,"normal",12,14,,,
"Deadlift","13 Mar 2026, 18:44","13 Mar 2026, 19:57","","Preacher Curl (Dumbbell)",,"",1,"normal",12,12,,,
"Squat","10 Mar 2026, 12:52","10 Mar 2026, 13:35","","Hack Squat",,"",0,"normal",97,5,,,
"Squat","10 Mar 2026, 12:52","10 Mar 2026, 13:35","","Hack Squat",,"",1,"normal",117,5,,,
"Squat","10 Mar 2026, 12:52","10 Mar 2026, 13:35","","Hack Squat",,"",2,"normal",117,5,,,
"Squat","10 Mar 2026, 12:52","10 Mar 2026, 13:35","","Hack Squat",,"",3,"normal",117,5,,,
"Squat","10 Mar 2026, 12:52","10 Mar 2026, 13:35","","Hack Squat",,"",4,"normal",117,5,,,
"Squat","10 Mar 2026, 12:52","10 Mar 2026, 13:35","","Pause Squat (2 sec)",,"",0,"normal",60,4,,,
"Squat","10 Mar 2026, 12:52","10 Mar 2026, 13:35","","Pause Squat (2 sec)",,"",1,"normal",60,4,,,
"Squat","10 Mar 2026, 12:52","10 Mar 2026, 13:35","","Pause Squat (2 sec)",,"",2,"normal",60,4,,,
"Squat","10 Mar 2026, 12:52","10 Mar 2026, 13:35","","Pause Squat (2 sec)",,"",3,"normal",60,4,,,
"Squat","10 Mar 2026, 12:52","10 Mar 2026, 13:35","","Straight Leg Deadlift",,"",0,"normal",100,8,,,
"Squat","10 Mar 2026, 12:52","10 Mar 2026, 13:35","","Straight Leg Deadlift",,"",1,"normal",100,8,,,
"Squat","10 Mar 2026, 12:52","10 Mar 2026, 13:35","","Leg Extension (Machine)",,"Single leg for sets 2 and 3",0,"normal",65,10,,,
"Squat","10 Mar 2026, 12:52","10 Mar 2026, 13:35","","Leg Extension (Machine)",,"Single leg for sets 2 and 3",1,"normal",31,12,,,
"Squat","10 Mar 2026, 12:52","10 Mar 2026, 13:35","","Leg Extension (Machine)",,"Single leg for sets 2 and 3",2,"normal",35,12,,,
"Squat","10 Mar 2026, 12:52","10 Mar 2026, 13:35","","Cable Crunch",,"",0,"normal",40,12,,,
"Squat","10 Mar 2026, 12:52","10 Mar 2026, 13:35","","Cable Crunch",,"",1,"normal",40,12,,,
"Squat","10 Mar 2026, 12:52","10 Mar 2026, 13:35","","Cable Crunch",,"",2,"normal",40,12,,,
"Squat","10 Mar 2026, 12:52","10 Mar 2026, 13:35","","Lunge",,"",0,"normal",,8,,,
"Squat","10 Mar 2026, 12:52","10 Mar 2026, 13:35","","Lunge",,"",1,"normal",,8,,,
"Bench (DELOAD)","7 Mar 2026, 16:57","7 Mar 2026, 17:34","","Bench Press (Cable)",,"",0,"normal",52.5,5,,,
"Bench (DELOAD)","7 Mar 2026, 16:57","7 Mar 2026, 17:34","","Bench Press (Cable)",,"",1,"normal",52.5,5,,,
"Bench (DELOAD)","7 Mar 2026, 16:57","7 Mar 2026, 17:34","","Bench Press (Cable)",,"",2,"normal",52.5,5,,,
"Bench (DELOAD)","7 Mar 2026, 16:57","7 Mar 2026, 17:34","","Chest Fly (Dumbbell)",,"",0,"normal",4,12,,,
"Bench (DELOAD)","7 Mar 2026, 16:57","7 Mar 2026, 17:34","","Chest Fly (Dumbbell)",,"",1,"normal",4,12,,,
"Bench (DELOAD)","7 Mar 2026, 16:57","7 Mar 2026, 17:34","","Triceps Extension (Cable)",,"",0,"normal",10,12,,,
"Bench (DELOAD)","7 Mar 2026, 16:57","7 Mar 2026, 17:34","","Triceps Extension (Cable)",,"",1,"normal",10,12,,,
"Bench (DELOAD)","7 Mar 2026, 16:57","7 Mar 2026, 17:34","","Incline Bench Press (Dumbbell)",,"",0,"normal",12.5,14,,,
"Bench (DELOAD)","7 Mar 2026, 16:57","7 Mar 2026, 17:34","","Incline Bench Press (Dumbbell)",,"",1,"normal",12.5,15,,,
"Bench (DELOAD)","7 Mar 2026, 16:57","7 Mar 2026, 17:34","","Incline Bench Press (Dumbbell)",,"",2,"normal",12.5,15,,,
"Bench (DELOAD)","7 Mar 2026, 16:57","7 Mar 2026, 17:34","","Face Pull",,"",0,"normal",10,13,,,
"Bench (DELOAD)","7 Mar 2026, 16:57","7 Mar 2026, 17:34","","Face Pull",,"",1,"normal",10,15,,,
"Bench (DELOAD)","7 Mar 2026, 16:57","7 Mar 2026, 17:34","","Face Pull",,"",2,"normal",10,15,,,
"Volume","5 Mar 2026, 12:38","5 Mar 2026, 13:40","","Zercher Squat",,"",0,"normal",60,5,,,
"Volume","5 Mar 2026, 12:38","5 Mar 2026, 13:40","","Zercher Squat",,"",1,"normal",60,5,,,
"Volume","5 Mar 2026, 12:38","5 Mar 2026, 13:40","","Zercher Squat",,"",2,"normal",87.5,5,,,
"Volume","5 Mar 2026, 12:38","5 Mar 2026, 13:40","","Zercher Squat",,"",3,"normal",87.5,5,,,
"Volume","5 Mar 2026, 12:38","5 Mar 2026, 13:40","","Zercher Squat",,"",4,"normal",100,5,,,
"Volume","5 Mar 2026, 12:38","5 Mar 2026, 13:40","","Zercher Squat",,"",5,"normal",100,5,,,
"Volume","5 Mar 2026, 12:38","5 Mar 2026, 13:40","","Good Morning (Barbell)",,"",0,"normal",20,8,,,
"Volume","5 Mar 2026, 12:38","5 Mar 2026, 13:40","","Good Morning (Barbell)",,"",1,"normal",40,8,,,
"Volume","5 Mar 2026, 12:38","5 Mar 2026, 13:40","","Good Morning (Barbell)",,"",2,"normal",40,11,,,
"Volume","5 Mar 2026, 12:38","5 Mar 2026, 13:40","","Good Morning (Barbell)",,"",3,"normal",40,12,,,
"Volume","5 Mar 2026, 12:38","5 Mar 2026, 13:40","","Chest Dip",,"",0,"normal",,10,,,
"Volume","5 Mar 2026, 12:38","5 Mar 2026, 13:40","","Chest Dip",,"",1,"normal",,10,,,
"Volume","5 Mar 2026, 12:38","5 Mar 2026, 13:40","","Leg Raise Parallel Bars",,"",0,"normal",,8,,,
"Volume","5 Mar 2026, 12:38","5 Mar 2026, 13:40","","Inverted Row",,"",0,"normal",,10,,,
"Volume","5 Mar 2026, 12:38","5 Mar 2026, 13:40","","Inverted Row",,"",1,"normal",,12,,,
"Volume","5 Mar 2026, 12:38","5 Mar 2026, 13:40","","Inverted Row",,"",2,"normal",,10,,,
"Volume","5 Mar 2026, 12:38","5 Mar 2026, 13:40","","Single Arm Landmine Press (Barbell)",,"",0,"normal",20,12,,,
"Volume","5 Mar 2026, 12:38","5 Mar 2026, 13:40","","Single Arm Landmine Press (Barbell)",,"",1,"normal",22.5,12,,,
"Volume","5 Mar 2026, 12:38","5 Mar 2026, 13:40","","Single Arm Landmine Press (Barbell)",,"",2,"normal",22.5,12,,,
"Volume","5 Mar 2026, 12:38","5 Mar 2026, 13:40","","Face Pull",,"",0,"normal",13.75,13,,,
"Volume","5 Mar 2026, 12:38","5 Mar 2026, 13:40","","Face Pull",,"",1,"normal",13.75,15,,,
"Volume","5 Mar 2026, 12:38","5 Mar 2026, 13:40","","Face Pull",,"",2,"normal",13.75,15,,,
"Deadlift","28 Feb 2026, 11:08","28 Feb 2026, 11:41","","Deficit Deadlift (5cm)",,"",0,"warmup",60,5,,,
"Deadlift","28 Feb 2026, 11:08","28 Feb 2026, 11:41","","Deficit Deadlift (5cm)",,"",1,"warmup",80,5,,,
"Deadlift","28 Feb 2026, 11:08","28 Feb 2026, 11:41","","Deficit Deadlift (5cm)",,"",2,"normal",125,5,,,
"Deadlift","28 Feb 2026, 11:08","28 Feb 2026, 11:41","","Deficit Deadlift (5cm)",,"",3,"normal",125,5,,,
"Deadlift","28 Feb 2026, 11:08","28 Feb 2026, 11:41","","Deficit Deadlift (5cm)",,"",4,"normal",125,5,,,
"Deadlift","28 Feb 2026, 11:08","28 Feb 2026, 11:41","","Deficit Deadlift (5cm)",,"",5,"normal",125,5,,,
"Deadlift","28 Feb 2026, 11:08","28 Feb 2026, 11:41","","Pull Up",,"",0,"normal",,5,,,
"Deadlift","28 Feb 2026, 11:08","28 Feb 2026, 11:41","","Pull Up",,"",1,"normal",,7,,,
"Deadlift","28 Feb 2026, 11:08","28 Feb 2026, 11:41","","Pull Up",,"",2,"normal",,5,,,
"Deadlift","28 Feb 2026, 11:08","28 Feb 2026, 11:41","","Pull Up",,"",3,"normal",,5,,,
"Deadlift","28 Feb 2026, 11:08","28 Feb 2026, 11:41","","Iso-Lateral Row (Machine)",,"",0,"normal",100,10,,,
"Deadlift","28 Feb 2026, 11:08","28 Feb 2026, 11:41","","Iso-Lateral Row (Machine)",,"",1,"normal",120,9,,,
"Deadlift","28 Feb 2026, 11:08","28 Feb 2026, 11:41","","Iso-Lateral Row (Machine)",,"",2,"normal",120,9,,,
"Deadlift","28 Feb 2026, 11:08","28 Feb 2026, 11:41","","Iso-Lateral Row (Machine)",,"",3,"normal",120,8,,,
"Deadlift","28 Feb 2026, 11:08","28 Feb 2026, 11:41","","Bicep Curl (Dumbbell)",,"",0,"normal",22,5,,,
"Deadlift","28 Feb 2026, 11:08","28 Feb 2026, 11:41","","Bicep Curl (Dumbbell)",,"",1,"normal",18,5,,,
"Deadlift","28 Feb 2026, 11:08","28 Feb 2026, 11:41","","Cable Crunch",,"",0,"normal",41,14,,,
"Deadlift","28 Feb 2026, 11:08","28 Feb 2026, 11:41","","Cable Crunch",,"",1,"normal",41,15,,,
"Bench","26 Feb 2026, 13:20","26 Feb 2026, 14:00","","Larsen Press (feet up)",,"",0,"warmup",50,5,,,
"Bench","26 Feb 2026, 13:20","26 Feb 2026, 14:00","","Larsen Press (feet up)",,"",1,"warmup",50,5,,,
"Bench","26 Feb 2026, 13:20","26 Feb 2026, 14:00","","Larsen Press (feet up)",,"",2,"normal",72.5,6,,,
"Bench","26 Feb 2026, 13:20","26 Feb 2026, 14:00","","Larsen Press (feet up)",,"",3,"normal",72.5,6,,,
"Bench","26 Feb 2026, 13:20","26 Feb 2026, 14:00","","Larsen Press (feet up)",,"",4,"normal",72.5,5,,,
"Bench","26 Feb 2026, 13:20","26 Feb 2026, 14:00","","Larsen Press (feet up)",,"",5,"normal",72.5,5,,,
"Bench","26 Feb 2026, 13:20","26 Feb 2026, 14:00","","Incline DB Press",,"",0,"normal",22.5,8,,,
"Bench","26 Feb 2026, 13:20","26 Feb 2026, 14:00","","Incline DB Press",,"",1,"normal",22.5,11,,,
"Bench","26 Feb 2026, 13:20","26 Feb 2026, 14:00","","Incline DB Press",,"",2,"normal",25,8,,,
"Bench","26 Feb 2026, 13:20","26 Feb 2026, 14:00","","Chest Dip",,"",0,"normal",,5,,,
"Bench","26 Feb 2026, 13:20","26 Feb 2026, 14:00","","Chest Dip",,"",1,"normal",,5,,,
"Bench","26 Feb 2026, 13:20","26 Feb 2026, 14:00","","Chest Dip",,"",2,"normal",,5,,,
"Bench","26 Feb 2026, 13:20","26 Feb 2026, 14:00","","Single Arm Cable Crossover",,"",0,"normal",10,14,,,
"Bench","26 Feb 2026, 13:20","26 Feb 2026, 14:00","","Single Arm Cable Crossover",,"",1,"normal",10,14,,,
"Bench","26 Feb 2026, 13:20","26 Feb 2026, 14:00","","Single Arm Cable Crossover",,"",2,"normal",10,14,,,
"Bench","26 Feb 2026, 13:20","26 Feb 2026, 14:00","","Triceps Pushdown",,"",0,"normal",32,14,,,
"Bench","26 Feb 2026, 13:20","26 Feb 2026, 14:00","","Triceps Pushdown",,"",1,"normal",40,11,,,
"Bench","26 Feb 2026, 13:20","26 Feb 2026, 14:00","","Triceps Pushdown",,"",2,"normal",40,8,,,
"Squat","25 Feb 2026, 18:25","25 Feb 2026, 19:08","","Pause Squat (3 sec)",,"",0,"normal",105,8,,,
"Squat","25 Feb 2026, 18:25","25 Feb 2026, 19:08","","Pause Squat (3 sec)",,"",1,"normal",105,8,,,
"Squat","25 Feb 2026, 18:25","25 Feb 2026, 19:08","","Pause Squat (3 sec)",,"",2,"normal",105,7,,,
"Squat","25 Feb 2026, 18:25","25 Feb 2026, 19:08","","Pause Squat (3 sec)",,"",3,"normal",105,6,,,
"Squat","25 Feb 2026, 18:25","25 Feb 2026, 19:08","","Leg Press (Machine)",,"",0,"normal",227,12,,,
"Squat","25 Feb 2026, 18:25","25 Feb 2026, 19:08","","Leg Press (Machine)",,"",1,"normal",227,12,,,
"Squat","25 Feb 2026, 18:25","25 Feb 2026, 19:08","","Leg Press (Machine)",,"",2,"normal",267,12,,,
"Squat","25 Feb 2026, 18:25","25 Feb 2026, 19:08","","Leg Press (Machine)",,"",3,"normal",267,4,,,
"Squat","25 Feb 2026, 18:25","25 Feb 2026, 19:08","","Seated Leg Curl (Machine)",,"Single leg for set 2/3",0,"normal",60,10,,,
"Squat","25 Feb 2026, 18:25","25 Feb 2026, 19:08","","Seated Leg Curl (Machine)",,"Single leg for set 2/3",1,"normal",42,10,,,
"Squat","25 Feb 2026, 18:25","25 Feb 2026, 19:08","","Seated Leg Curl (Machine)",,"Single leg for set 2/3",2,"normal",42,10,,,
"Squat","25 Feb 2026, 18:25","25 Feb 2026, 19:08","","Leg Extension (Machine)",,"",0,"normal",65,14,,,
"Squat","25 Feb 2026, 18:25","25 Feb 2026, 19:08","","Leg Extension (Machine)",,"",1,"normal",65,13,,,
"Squat","25 Feb 2026, 18:25","25 Feb 2026, 19:08","","Leg Extension (Machine)",,"",2,"normal",65,14,,,
"Squat","25 Feb 2026, 18:25","25 Feb 2026, 19:08","","Cable Crunch",,"",0,"normal",40,10,,,
"Squat","25 Feb 2026, 18:25","25 Feb 2026, 19:08","","Cable Crunch",,"",1,"normal",40,10,,,
"Squat","25 Feb 2026, 18:25","25 Feb 2026, 19:08","","Cable Crunch",,"",2,"normal",40,10,,,
"Volume","22 Feb 2026, 12:09","22 Feb 2026, 12:58","","Front Squat",,"",0,"warmup",20,5,,,
"Volume","22 Feb 2026, 12:09","22 Feb 2026, 12:58","","Front Squat",,"",1,"warmup",50,6,,,
"Volume","22 Feb 2026, 12:09","22 Feb 2026, 12:58","","Front Squat",,"",2,"normal",82.5,8,,,
"Volume","22 Feb 2026, 12:09","22 Feb 2026, 12:58","","Front Squat",,"",3,"normal",82.5,8,,,
"Volume","22 Feb 2026, 12:09","22 Feb 2026, 12:58","","Front Squat",,"",4,"normal",82.5,8,,,
"Volume","22 Feb 2026, 12:09","22 Feb 2026, 12:58","","Ring Dips",,"Assosted with box",0,"normal",,4,,,
"Volume","22 Feb 2026, 12:09","22 Feb 2026, 12:58","","Ring Dips",,"Assosted with box",1,"normal",,4,,,
"Volume","22 Feb 2026, 12:09","22 Feb 2026, 12:58","","Ring Dips",,"Assosted with box",2,"normal",,2,,,
"Volume","22 Feb 2026, 12:09","22 Feb 2026, 12:58","","Ring Dips",,"Assosted with box",3,"normal",,3,,,
"Volume","22 Feb 2026, 12:09","22 Feb 2026, 12:58","","Ring Rollout",,"",0,"normal",,14,,,
"Volume","22 Feb 2026, 12:09","22 Feb 2026, 12:58","","Ring Rollout",,"",1,"normal",,14,,,
"Volume","22 Feb 2026, 12:09","22 Feb 2026, 12:58","","Ring Rollout",,"",2,"normal",,14,,,
"Volume","22 Feb 2026, 12:09","22 Feb 2026, 12:58","","Inverted Row (Rings)",,"",0,"normal",,9,,,
"Volume","22 Feb 2026, 12:09","22 Feb 2026, 12:58","","Inverted Row (Rings)",,"",1,"normal",,12,,,
"Volume","22 Feb 2026, 12:09","22 Feb 2026, 12:58","","Inverted Row (Rings)",,"",2,"normal",,12,,,
"Volume","22 Feb 2026, 12:09","22 Feb 2026, 12:58","","Single Arm Landmine Press (Barbell)",,"",0,"normal",15,12,,,
"Volume","22 Feb 2026, 12:09","22 Feb 2026, 12:58","","Single Arm Landmine Press (Barbell)",,"",1,"normal",20,10,,,
"Volume","22 Feb 2026, 12:09","22 Feb 2026, 12:58","","Single Arm Landmine Press (Barbell)",,"",2,"normal",20,10,,,
"Volume","22 Feb 2026, 12:09","22 Feb 2026, 12:58","","Face Pull",,"",0,"normal",12,12,,,
"Volume","22 Feb 2026, 12:09","22 Feb 2026, 12:58","","Face Pull",,"",1,"normal",12,12,,,
"Volume","22 Feb 2026, 12:09","22 Feb 2026, 12:58","","Face Pull",,"",2,"normal",12,15,,,
"Deadlift","18 Feb 2026, 13:00","18 Feb 2026, 13:45","","Deficit Deadlift (5cm)",,"",0,"warmup",60,5,,,
"Deadlift","18 Feb 2026, 13:00","18 Feb 2026, 13:45","","Deficit Deadlift (5cm)",,"",1,"warmup",90,5,,,
"Deadlift","18 Feb 2026, 13:00","18 Feb 2026, 13:45","","Deficit Deadlift (5cm)",,"",2,"normal",120,6,,,
"Deadlift","18 Feb 2026, 13:00","18 Feb 2026, 13:45","","Deficit Deadlift (5cm)",,"",3,"normal",120,6,,,
"Deadlift","18 Feb 2026, 13:00","18 Feb 2026, 13:45","","Deficit Deadlift (5cm)",,"",4,"normal",120,6,,,
"Deadlift","18 Feb 2026, 13:00","18 Feb 2026, 13:45","","Deficit Deadlift (5cm)",,"",5,"normal",120,6,,,
"Deadlift","18 Feb 2026, 13:00","18 Feb 2026, 13:45","","Chin Up",,"",0,"normal",,4,,,
"Deadlift","18 Feb 2026, 13:00","18 Feb 2026, 13:45","","Chin Up",,"",1,"normal",,4,,,
"Deadlift","18 Feb 2026, 13:00","18 Feb 2026, 13:45","","Chin Up",,"",2,"normal",,7,,,
"Deadlift","18 Feb 2026, 13:00","18 Feb 2026, 13:45","","Chin Up",,"",3,"normal",,3,,,
"Deadlift","18 Feb 2026, 13:00","18 Feb 2026, 13:45","","Seated Cable Row - Bar Grip",,"",0,"normal",70,14,,,
"Deadlift","18 Feb 2026, 13:00","18 Feb 2026, 13:45","","Seated Cable Row - Bar Grip",,"",1,"normal",70,11,,,
"Deadlift","18 Feb 2026, 13:00","18 Feb 2026, 13:45","","Seated Incline Curl (Dumbbell)",,"",0,"normal",17.5,7,,,
"Deadlift","18 Feb 2026, 13:00","18 Feb 2026, 13:45","","Seated Incline Curl (Dumbbell)",,"",1,"normal",17.5,6,,,
"Deadlift","18 Feb 2026, 13:00","18 Feb 2026, 13:45","","Seated Incline Curl (Dumbbell)",,"",2,"normal",17.5,6,,,
"Deadlift","18 Feb 2026, 13:00","18 Feb 2026, 13:45","","Hanging Leg Raise",,"",0,"normal",,7,,,
"Deadlift","18 Feb 2026, 13:00","18 Feb 2026, 13:45","","Hanging Leg Raise",,"",1,"normal",,7,,,
"Deadlift","18 Feb 2026, 13:00","18 Feb 2026, 13:45","","Hanging Leg Raise",,"",2,"normal",,4,,,
"Bench","15 Feb 2026, 11:47","15 Feb 2026, 12:49","","Larsen Press (feet up)",,"",0,"warmup",40,5,,,
"Bench","15 Feb 2026, 11:47","15 Feb 2026, 12:49","","Larsen Press (feet up)",,"",1,"warmup",40,5,,,
"Bench","15 Feb 2026, 11:47","15 Feb 2026, 12:49","","Larsen Press (feet up)",,"",2,"normal",70,8,,,
"Bench","15 Feb 2026, 11:47","15 Feb 2026, 12:49","","Larsen Press (feet up)",,"",3,"normal",70,5,,,
"Bench","15 Feb 2026, 11:47","15 Feb 2026, 12:49","","Larsen Press (feet up)",,"",4,"normal",70,7,,,
"Bench","15 Feb 2026, 11:47","15 Feb 2026, 12:49","","Larsen Press (feet up)",,"",5,"normal",70,5,,,
"Bench","15 Feb 2026, 11:47","15 Feb 2026, 12:49","","Chest Dip",,"",0,"normal",,6,,,
"Bench","15 Feb 2026, 11:47","15 Feb 2026, 12:49","","Chest Dip",,"",1,"normal",,5,,,
"Bench","15 Feb 2026, 11:47","15 Feb 2026, 12:49","","Chest Dip",,"",2,"normal",,6,,,
"Bench","15 Feb 2026, 11:47","15 Feb 2026, 12:49","","Incline Bench Press (Dumbbell)",,"",0,"normal",22,3,,,
"Bench","15 Feb 2026, 11:47","15 Feb 2026, 12:49","","Incline Bench Press (Dumbbell)",,"",1,"normal",22,7,,,
"Bench","15 Feb 2026, 11:47","15 Feb 2026, 12:49","","Incline Bench Press (Dumbbell)",,"",2,"normal",22,5,,,
"Bench","15 Feb 2026, 11:47","15 Feb 2026, 12:49","","Pec Deck",,"",0,"normal",50,12,,,
"Bench","15 Feb 2026, 11:47","15 Feb 2026, 12:49","","Pec Deck",,"",1,"normal",50,15,,,
"Bench","15 Feb 2026, 11:47","15 Feb 2026, 12:49","","Pec Deck",,"",2,"normal",50,15,,,
"Bench","15 Feb 2026, 11:47","15 Feb 2026, 12:49","","Triceps Pushdown",,"",0,"normal",28.75,15,,,
"Bench","15 Feb 2026, 11:47","15 Feb 2026, 12:49","","Triceps Pushdown",,"",1,"normal",32.5,15,,,
"Bench","15 Feb 2026, 11:47","15 Feb 2026, 12:49","","Triceps Pushdown",,"",2,"normal",36.25,15,,,
"Bench","15 Feb 2026, 11:47","15 Feb 2026, 12:49","","Triceps Pushdown",,"",3,"normal",36.25,6,,,
"Squat","14 Feb 2026, 16:17","14 Feb 2026, 17:17","","Romanian Deadlift (Dumbbell)",,"",0,"normal",15,8,,,
"Squat","14 Feb 2026, 16:17","14 Feb 2026, 17:17","","Romanian Deadlift (Dumbbell)",,"",1,"normal",15,8,,,
"Squat","14 Feb 2026, 16:17","14 Feb 2026, 17:17","","Romanian Deadlift (Dumbbell)",,"",2,"normal",20,8,,,
"Squat","14 Feb 2026, 16:17","14 Feb 2026, 17:17","","Romanian Deadlift (Dumbbell)",,"",3,"normal",20,8,,,
"Squat","14 Feb 2026, 16:17","14 Feb 2026, 17:17","","Squat (Barbell)",,"",0,"normal",40,5,,,
"Squat","14 Feb 2026, 16:17","14 Feb 2026, 17:17","","Squat (Barbell)",,"",1,"normal",60,5,,,
"Squat","14 Feb 2026, 16:17","14 Feb 2026, 17:17","","Squat (Barbell)",,"",2,"normal",60,5,,,
"Squat","14 Feb 2026, 16:17","14 Feb 2026, 17:17","","Squat (Barbell)",,"",3,"normal",60,6,,,
"Squat","14 Feb 2026, 16:17","14 Feb 2026, 17:17","","Leg Press (Machine)",,"Didnt realise the seat is adjustable wondered why mu abs hurt",0,"normal",213,12,,,
"Squat","14 Feb 2026, 16:17","14 Feb 2026, 17:17","","Leg Press (Machine)",,"Didnt realise the seat is adjustable wondered why mu abs hurt",1,"normal",213,12,,,
"Squat","14 Feb 2026, 16:17","14 Feb 2026, 17:17","","Leg Press (Machine)",,"Didnt realise the seat is adjustable wondered why mu abs hurt",2,"normal",213,10,,,
"Squat","14 Feb 2026, 16:17","14 Feb 2026, 17:17","","Leg Extension (Machine)",,"",0,"normal",75,12,,,
"Squat","14 Feb 2026, 16:17","14 Feb 2026, 17:17","","Leg Extension (Machine)",,"",1,"normal",75,14,,,
"Squat","14 Feb 2026, 16:17","14 Feb 2026, 17:17","","Leg Extension (Machine)",,"",2,"normal",75,14,,,
"Squat","14 Feb 2026, 16:17","14 Feb 2026, 17:17","","Hanging Leg Raise",,"",0,"normal",,6,,,
"Squat","14 Feb 2026, 16:17","14 Feb 2026, 17:17","","Hanging Leg Raise",,"",1,"normal",,6,,,
"Squat","14 Feb 2026, 16:17","14 Feb 2026, 17:17","","Hanging Leg Raise",,"",2,"normal",,6,,,
"Squat","14 Feb 2026, 16:17","14 Feb 2026, 17:17","","Seated Leg Curl (Machine)",,"",0,"normal",60,12,,,
"Squat","14 Feb 2026, 16:17","14 Feb 2026, 17:17","","Seated Leg Curl (Machine)",,"",1,"normal",60,12,,,
"Squat","14 Feb 2026, 16:17","14 Feb 2026, 17:17","","Seated Leg Curl (Machine)",,"",2,"normal",60,14,,,
"Deadlift","8 Feb 2026, 15:55","8 Feb 2026, 16:32","","Deficit Deadlift (5cm)",,"",0,"warmup",50,9,,,
"Deadlift","8 Feb 2026, 15:55","8 Feb 2026, 16:32","","Deficit Deadlift (5cm)",,"",1,"warmup",70,8,,,
"Deadlift","8 Feb 2026, 15:55","8 Feb 2026, 16:32","","Deficit Deadlift (5cm)",,"",2,"normal",116.5,6,,,
"Deadlift","8 Feb 2026, 15:55","8 Feb 2026, 16:32","","Deficit Deadlift (5cm)",,"",3,"normal",116.5,6,,,
"Deadlift","8 Feb 2026, 15:55","8 Feb 2026, 16:32","","Deficit Deadlift (5cm)",,"",4,"normal",116.5,6,,,
"Deadlift","8 Feb 2026, 15:55","8 Feb 2026, 16:32","","Pull Up",,"",0,"normal",,7,,,
"Deadlift","8 Feb 2026, 15:55","8 Feb 2026, 16:32","","Pull Up",,"",1,"normal",,6,,,
"Deadlift","8 Feb 2026, 15:55","8 Feb 2026, 16:32","","Pull Up",,"",2,"normal",,6,,,
"Deadlift","8 Feb 2026, 15:55","8 Feb 2026, 16:32","","Pull Up",,"",3,"normal",,4,,,
"Deadlift","8 Feb 2026, 15:55","8 Feb 2026, 16:32","","Seated Cable Row - Bar Grip",,"",0,"normal",70,14,,,
"Deadlift","8 Feb 2026, 15:55","8 Feb 2026, 16:32","","Seated Cable Row - Bar Grip",,"",1,"normal",70,13,,,
"Deadlift","8 Feb 2026, 15:55","8 Feb 2026, 16:32","","Bicep Curl (Dumbbell)",,"",0,"normal",17.5,10,,,
"Deadlift","8 Feb 2026, 15:55","8 Feb 2026, 16:32","","Bicep Curl (Dumbbell)",,"",1,"normal",17.5,9,,,
"Deadlift","8 Feb 2026, 15:55","8 Feb 2026, 16:32","","Bicep Curl (Dumbbell)",,"",2,"normal",17.5,5,,,
"Deadlift","8 Feb 2026, 15:55","8 Feb 2026, 16:32","","Cable Crunch",,"",0,"normal",40,11,,,
"Deadlift","8 Feb 2026, 15:55","8 Feb 2026, 16:32","","Cable Crunch",,"",1,"normal",40,12,,,
"Deadlift","8 Feb 2026, 15:55","8 Feb 2026, 16:32","","Cable Crunch",,"",2,"normal",40,10,,,
"Bench","6 Feb 2026, 13:30","6 Feb 2026, 14:06","","Larsen Press (feet up)",,"",0,"normal",67.5,8,,,
"Bench","6 Feb 2026, 13:30","6 Feb 2026, 14:06","","Larsen Press (feet up)",,"",1,"normal",67.5,8,,,
"Bench","6 Feb 2026, 13:30","6 Feb 2026, 14:06","","Larsen Press (feet up)",,"",2,"normal",67.5,6,,,
"Bench","6 Feb 2026, 13:30","6 Feb 2026, 14:06","","Larsen Press (feet up)",,"",3,"normal",67.5,7,,,
"Bench","6 Feb 2026, 13:30","6 Feb 2026, 14:06","","Larsen Press (feet up)",,"",4,"normal",67.5,2,,,
"Bench","6 Feb 2026, 13:30","6 Feb 2026, 14:06","","Incline DB Press",,"",0,"normal",22.5,8,,,
"Bench","6 Feb 2026, 13:30","6 Feb 2026, 14:06","","Incline DB Press",,"",1,"normal",22.5,9,,,
"Bench","6 Feb 2026, 13:30","6 Feb 2026, 14:06","","Incline DB Press",,"",2,"normal",22.5,7,,,
"Bench","6 Feb 2026, 13:30","6 Feb 2026, 14:06","","Chest Dip",,"",0,"normal",,5,,,
"Bench","6 Feb 2026, 13:30","6 Feb 2026, 14:06","","Chest Dip",,"",1,"normal",,6,,,
"Bench","6 Feb 2026, 13:30","6 Feb 2026, 14:06","","Chest Dip",,"",2,"normal",,8,,,
"Bench","6 Feb 2026, 13:30","6 Feb 2026, 14:06","","Pec Deck",,"",0,"normal",50,15,,,
"Bench","6 Feb 2026, 13:30","6 Feb 2026, 14:06","","Pec Deck",,"",1,"normal",50,10,,,
"Bench","6 Feb 2026, 13:30","6 Feb 2026, 14:06","","Triceps Pushdown",,"",0,"normal",25,15,,,
"Bench","6 Feb 2026, 13:30","6 Feb 2026, 14:06","","Triceps Pushdown",,"",1,"normal",32.5,15,,,
"Bench","6 Feb 2026, 13:30","6 Feb 2026, 14:06","","Triceps Pushdown",,"",2,"normal",32.5,14,,,
"Bench","6 Feb 2026, 13:30","6 Feb 2026, 14:06","","Rear Delt Reverse Fly (Machine)",,"",0,"normal",35,18,,,
"Bench","6 Feb 2026, 13:30","6 Feb 2026, 14:06","","Rear Delt Reverse Fly (Machine)",,"",1,"normal",42.5,17,,,
"Squat","4 Feb 2026, 12:54","4 Feb 2026, 13:54","","Pause Squat (3 sec)",,"",0,"warmup",40,5,,,
"Squat","4 Feb 2026, 12:54","4 Feb 2026, 13:54","","Pause Squat (3 sec)",,"",1,"warmup",60,5,,,
"Squat","4 Feb 2026, 12:54","4 Feb 2026, 13:54","","Pause Squat (3 sec)",,"",2,"warmup",90,5,,,
"Squat","4 Feb 2026, 12:54","4 Feb 2026, 13:54","","Pause Squat (3 sec)",,"",3,"normal",102.5,7,,,
"Squat","4 Feb 2026, 12:54","4 Feb 2026, 13:54","","Pause Squat (3 sec)",,"",4,"normal",102.5,8,,,
"Squat","4 Feb 2026, 12:54","4 Feb 2026, 13:54","","Pause Squat (3 sec)",,"",5,"normal",102.5,8,,,
"Squat","4 Feb 2026, 12:54","4 Feb 2026, 13:54","","Leg Press (Machine)",,"",0,"normal",150,12,,,
"Squat","4 Feb 2026, 12:54","4 Feb 2026, 13:54","","Leg Press (Machine)",,"",1,"normal",150,12,,,
"Squat","4 Feb 2026, 12:54","4 Feb 2026, 13:54","","Leg Press (Machine)",,"",2,"normal",150,5,,,
"Squat","4 Feb 2026, 12:54","4 Feb 2026, 13:54","","Romanian Deadlift (Barbell)",,"",0,"normal",90,8,,,
"Squat","4 Feb 2026, 12:54","4 Feb 2026, 13:54","","Romanian Deadlift (Barbell)",,"",1,"normal",90,8,,,
"Squat","4 Feb 2026, 12:54","4 Feb 2026, 13:54","","Romanian Deadlift (Barbell)",,"",2,"normal",60,5,,,
"Squat","4 Feb 2026, 12:54","4 Feb 2026, 13:54","","Leg Extension (Machine)",,"",0,"normal",75,12,,,
"Squat","4 Feb 2026, 12:54","4 Feb 2026, 13:54","","Leg Extension (Machine)",,"",1,"normal",75,18,,,
"Squat","4 Feb 2026, 12:54","4 Feb 2026, 13:54","","Leg Extension (Machine)",,"",2,"normal",75,15,,,
"Squat","4 Feb 2026, 12:54","4 Feb 2026, 13:54","","Hanging Leg Raise",,"",0,"normal",,8,,,
"Squat","4 Feb 2026, 12:54","4 Feb 2026, 13:54","","Hanging Leg Raise",,"",1,"normal",,8,,,
"Squat","4 Feb 2026, 12:54","4 Feb 2026, 13:54","","Hanging Leg Raise",,"",2,"normal",,8,,,
"Pull","1 Feb 2026, 13:04","1 Feb 2026, 14:10","","Deadlift (Barbell)",,"",0,"warmup",60,5,,,
"Pull","1 Feb 2026, 13:04","1 Feb 2026, 14:10","","Deadlift (Barbell)",,"",1,"warmup",90,6,,,
"Pull","1 Feb 2026, 13:04","1 Feb 2026, 14:10","","Deadlift (Barbell)",,"",2,"normal",120,5,,,
"Pull","1 Feb 2026, 13:04","1 Feb 2026, 14:10","","Deadlift (Barbell)",,"",3,"normal",140,5,,,
"Pull","1 Feb 2026, 13:04","1 Feb 2026, 14:10","","Deadlift (Barbell)",,"",4,"normal",150,5,,,
"Pull","1 Feb 2026, 13:04","1 Feb 2026, 14:10","","Pull Up",,"",0,"normal",,5,,,
"Pull","1 Feb 2026, 13:04","1 Feb 2026, 14:10","","Pull Up",,"",1,"normal",,7,,,
"Pull","1 Feb 2026, 13:04","1 Feb 2026, 14:10","","Pull Up",,"",2,"normal",,7,,,
"Pull","1 Feb 2026, 13:04","1 Feb 2026, 14:10","","Inverted Row",,"",0,"normal",,10,,,
"Pull","1 Feb 2026, 13:04","1 Feb 2026, 14:10","","Inverted Row",,"",1,"normal",,10,,,
"Pull","1 Feb 2026, 13:04","1 Feb 2026, 14:10","","Inverted Row",,"",2,"normal",,8,,,
"Pull","1 Feb 2026, 13:04","1 Feb 2026, 14:10","","Inverted Row",,"",3,"normal",,8,,,
"Pull","1 Feb 2026, 13:04","1 Feb 2026, 14:10","","Seated Cable Row - V Grip (Cable)",,"",0,"normal",70,10,,,
"Pull","1 Feb 2026, 13:04","1 Feb 2026, 14:10","","Seated Cable Row - V Grip (Cable)",,"",1,"normal",80,15,,,
"Pull","1 Feb 2026, 13:04","1 Feb 2026, 14:10","","Straight Arm Lat Pulldown (Cable)",,"",0,"normal",28,10,,,
"Pull","1 Feb 2026, 13:04","1 Feb 2026, 14:10","","Straight Arm Lat Pulldown (Cable)",,"",1,"normal",36,12,,,
"Pull","1 Feb 2026, 13:04","1 Feb 2026, 14:10","","Straight Arm Lat Pulldown (Cable)",,"",2,"normal",36,11,,,
"Pull","1 Feb 2026, 13:04","1 Feb 2026, 14:10","","Bicep Curl (Dumbbell)",,"",0,"normal",15,15,,,
"Pull","1 Feb 2026, 13:04","1 Feb 2026, 14:10","","Bicep Curl (Dumbbell)",,"",1,"normal",20,9,,,
"Pull","1 Feb 2026, 13:04","1 Feb 2026, 14:10","","Bicep Curl (Dumbbell)",,"",2,"normal",20,3,,,
"Pull","1 Feb 2026, 13:04","1 Feb 2026, 14:10","","Leg Raise Parallel Bars",,"",0,"normal",,8,,,
"Pull","1 Feb 2026, 13:04","1 Feb 2026, 14:10","","Leg Raise Parallel Bars",,"",1,"normal",,7,,,
"Pull","1 Feb 2026, 13:04","1 Feb 2026, 14:10","","Leg Raise Parallel Bars",,"",2,"normal",,7,,,
"Pull","1 Feb 2026, 13:04","1 Feb 2026, 14:10","","Leg Raise Parallel Bars",,"",3,"normal",,6,,,
"Pull","1 Feb 2026, 13:04","1 Feb 2026, 14:10","","Dead Hang",,"",0,"normal",,,,60,
"Push","29 Jan 2026, 16:33","29 Jan 2026, 17:19","","Chest Dip",,"",0,"normal",,8,,,
"Push","29 Jan 2026, 16:33","29 Jan 2026, 17:19","","Chest Dip",,"",1,"normal",,12,,,
"Push","29 Jan 2026, 16:33","29 Jan 2026, 17:19","","Chest Dip",,"",2,"normal",,12,,,
"Push","29 Jan 2026, 16:33","29 Jan 2026, 17:19","","Incline Chest Press (Machine)",,"",0,"warmup",20,5,,,
"Push","29 Jan 2026, 16:33","29 Jan 2026, 17:19","","Incline Chest Press (Machine)",,"",1,"normal",25,6,,,
"Push","29 Jan 2026, 16:33","29 Jan 2026, 17:19","","Incline Chest Press (Machine)",,"",2,"normal",25,6,,,
"Push","29 Jan 2026, 16:33","29 Jan 2026, 17:19","","Incline Chest Press (Machine)",,"",3,"normal",25,10,,,
"Push","29 Jan 2026, 16:33","29 Jan 2026, 17:19","","Single Arm Landmine Press (Barbell)",,"",0,"normal",15,10,,,
"Push","29 Jan 2026, 16:33","29 Jan 2026, 17:19","","Single Arm Landmine Press (Barbell)",,"",1,"normal",17.5,12,,,
"Push","29 Jan 2026, 16:33","29 Jan 2026, 17:19","","Single Arm Landmine Press (Barbell)",,"",2,"normal",20,10,,,
"Push","29 Jan 2026, 16:33","29 Jan 2026, 17:19","","Butterfly (Pec Deck)",,"",0,"normal",50,15,,,
"Push","29 Jan 2026, 16:33","29 Jan 2026, 17:19","","Butterfly (Pec Deck)",,"",1,"normal",57.5,10,,,
"Push","29 Jan 2026, 16:33","29 Jan 2026, 17:19","","Butterfly (Pec Deck)",,"",2,"normal",57.5,7,,,
"Push","29 Jan 2026, 16:33","29 Jan 2026, 17:19","","Butterfly (Pec Deck)",,"",3,"normal",50,5,,,
"Push","29 Jan 2026, 16:33","29 Jan 2026, 17:19","","Triceps Extension (Cable)",,"",0,"normal",25,12,,,
"Push","29 Jan 2026, 16:33","29 Jan 2026, 17:19","","Triceps Extension (Cable)",,"",1,"normal",25,12,,,
"Push","29 Jan 2026, 16:33","29 Jan 2026, 17:19","","Triceps Extension (Cable)",,"",2,"normal",25,10,,,
"Push","29 Jan 2026, 16:33","29 Jan 2026, 17:19","","Seated Triceps Press",,"",0,"normal",95,10,,,
"Push","29 Jan 2026, 16:33","29 Jan 2026, 17:19","","Seated Triceps Press",,"",1,"normal",125,8,,,
"Push","29 Jan 2026, 16:33","29 Jan 2026, 17:19","","Seated Triceps Press",,"",2,"normal",125,8,,,
"Push","29 Jan 2026, 16:33","29 Jan 2026, 17:19","","Cable Crunch",,"",0,"normal",40,12,,,
"Push","29 Jan 2026, 16:33","29 Jan 2026, 17:19","","Cable Crunch",,"",1,"normal",40,10,,,
"Push","29 Jan 2026, 16:33","29 Jan 2026, 17:19","","Cable Crunch",,"",2,"normal",40,10,,,
"Pull","22 Jan 2026, 13:34","22 Jan 2026, 14:31","","Deadlift (Barbell)",,"Dead stop each rep - below the knee pause reps on final set",0,"warmup",60,5,,,
"Pull","22 Jan 2026, 13:34","22 Jan 2026, 14:31","","Deadlift (Barbell)",,"Dead stop each rep - below the knee pause reps on final set",1,"warmup",100,5,,,
"Pull","22 Jan 2026, 13:34","22 Jan 2026, 14:31","","Deadlift (Barbell)",,"Dead stop each rep - below the knee pause reps on final set",2,"normal",140,4,,,
"Pull","22 Jan 2026, 13:34","22 Jan 2026, 14:31","","Deadlift (Barbell)",,"Dead stop each rep - below the knee pause reps on final set",3,"normal",140,4,,,
"Pull","22 Jan 2026, 13:34","22 Jan 2026, 14:31","","Deadlift (Barbell)",,"Dead stop each rep - below the knee pause reps on final set",4,"normal",140,4,,,
"Pull","22 Jan 2026, 13:34","22 Jan 2026, 14:31","","Pull Up",,"Hands right over the bar, use downstairs squat rack, lats fully engaged",0,"normal",,7,,,
"Pull","22 Jan 2026, 13:34","22 Jan 2026, 14:31","","Pull Up",,"Hands right over the bar, use downstairs squat rack, lats fully engaged",1,"normal",,7,,,
"Pull","22 Jan 2026, 13:34","22 Jan 2026, 14:31","","Pull Up",,"Hands right over the bar, use downstairs squat rack, lats fully engaged",2,"normal",,7,,,
"Pull","22 Jan 2026, 13:34","22 Jan 2026, 14:31","","Pull Up",,"Hands right over the bar, use downstairs squat rack, lats fully engaged",3,"normal",,3,,,
"Pull","22 Jan 2026, 13:34","22 Jan 2026, 14:31","","Inverted Row",,"",0,"normal",,10,,,
"Pull","22 Jan 2026, 13:34","22 Jan 2026, 14:31","","Inverted Row",,"",1,"normal",,12,,,
"Pull","22 Jan 2026, 13:34","22 Jan 2026, 14:31","","Inverted Row",,"",2,"normal",,10,,,
"Pull","22 Jan 2026, 13:34","22 Jan 2026, 14:31","","Dumbbell Row",,"Cables",0,"normal",21,11,,,
"Pull","22 Jan 2026, 13:34","22 Jan 2026, 14:31","","Dumbbell Row",,"Cables",1,"normal",26,15,,,
"Pull","22 Jan 2026, 13:34","22 Jan 2026, 14:31","","Dumbbell Row",,"Cables",2,"normal",26,14,,,
"Pull","22 Jan 2026, 13:34","22 Jan 2026, 14:31","","Rear Delt Reverse Fly (Dumbbell)",,"",0,"normal",7,12,,,
"Pull","22 Jan 2026, 13:34","22 Jan 2026, 14:31","","Rear Delt Reverse Fly (Dumbbell)",,"",1,"normal",7,11,,,
"Pull","22 Jan 2026, 13:34","22 Jan 2026, 14:31","","Rear Delt Reverse Fly (Dumbbell)",,"",2,"normal",7,11,,,
"Pull","22 Jan 2026, 13:34","22 Jan 2026, 14:31","","Bicep Curl (Dumbbell)",,"",0,"normal",14,10,,,
"Pull","22 Jan 2026, 13:34","22 Jan 2026, 14:31","","Bicep Curl (Dumbbell)",,"",1,"normal",14,10,,,
"Pull","22 Jan 2026, 13:34","22 Jan 2026, 14:31","","Bicep Curl (Dumbbell)",,"",2,"normal",14,10,,,
"Pull","22 Jan 2026, 13:34","22 Jan 2026, 14:31","","Hanging Leg Raise",,"",0,"normal",,8,,,
"Pull","22 Jan 2026, 13:34","22 Jan 2026, 14:31","","Hanging Leg Raise",,"",1,"normal",,9,,,
"Push","21 Jan 2026, 12:44","21 Jan 2026, 13:31","","Chest Dip",,"",0,"normal",,5,,,
"Push","21 Jan 2026, 12:44","21 Jan 2026, 13:31","","Chest Dip",,"",1,"normal",,11,,,
"Push","21 Jan 2026, 12:44","21 Jan 2026, 13:31","","Chest Dip",,"",2,"normal",,10,,,
"Push","21 Jan 2026, 12:44","21 Jan 2026, 13:31","","Chest Dip",,"",3,"normal",,6,,,
"Push","21 Jan 2026, 12:44","21 Jan 2026, 13:31","","Chest Dip",,"",4,"normal",,5,,,
"Push","21 Jan 2026, 12:44","21 Jan 2026, 13:31","","Incline Bench Press (Dumbbell)",,"",0,"warmup",22.5,9,,,
"Push","21 Jan 2026, 12:44","21 Jan 2026, 13:31","","Incline Bench Press (Dumbbell)",,"",1,"normal",22.5,6,,,
"Push","21 Jan 2026, 12:44","21 Jan 2026, 13:31","","Incline Bench Press (Dumbbell)",,"",2,"normal",27.5,7,,,
"Push","21 Jan 2026, 12:44","21 Jan 2026, 13:31","","Incline Bench Press (Dumbbell)",,"",3,"normal",27.5,5,,,
"Push","21 Jan 2026, 12:44","21 Jan 2026, 13:31","","Single Arm Landmine Press (Barbell)",,"",0,"normal",15,10,,,
"Push","21 Jan 2026, 12:44","21 Jan 2026, 13:31","","Single Arm Landmine Press (Barbell)",,"",1,"normal",15,10,,,
"Push","21 Jan 2026, 12:44","21 Jan 2026, 13:31","","Single Arm Landmine Press (Barbell)",,"",2,"normal",15,12,,,
"Push","21 Jan 2026, 12:44","21 Jan 2026, 13:31","","Chest Fly (Dumbbell)",,"",0,"normal",8,14,,,
"Push","21 Jan 2026, 12:44","21 Jan 2026, 13:31","","Chest Fly (Dumbbell)",,"",1,"normal",8,12,,,
"Push","21 Jan 2026, 12:44","21 Jan 2026, 13:31","","Chest Fly (Dumbbell)",,"",2,"normal",8,11,,,
"Push","21 Jan 2026, 12:44","21 Jan 2026, 13:31","","Single Arm Tricep Extension (Dumbbell)",,"",0,"normal",8,10,,,
"Push","21 Jan 2026, 12:44","21 Jan 2026, 13:31","","Single Arm Tricep Extension (Dumbbell)",,"",1,"normal",10,10,,,
"Push","21 Jan 2026, 12:44","21 Jan 2026, 13:31","","Single Arm Tricep Extension (Dumbbell)",,"",2,"normal",10,9,,,
"Push","21 Jan 2026, 12:44","21 Jan 2026, 13:31","","Triceps Rope Pushdown",,"",0,"normal",26,5,,,
"Push","21 Jan 2026, 12:44","21 Jan 2026, 13:31","","Triceps Rope Pushdown",,"",1,"normal",26,7,,,
"Push","21 Jan 2026, 12:44","21 Jan 2026, 13:31","","Triceps Rope Pushdown",,"",2,"normal",26,8,,,
"Push","21 Jan 2026, 12:44","21 Jan 2026, 13:31","","Triceps Rope Pushdown",,"",3,"dropset",21,4,,,
"Push","21 Jan 2026, 12:44","21 Jan 2026, 13:31","","Cable Crunch",,"",0,"normal",36,12,,,
"Push","21 Jan 2026, 12:44","21 Jan 2026, 13:31","","Cable Crunch",,"",1,"normal",38.75,10,,,
"Push","21 Jan 2026, 12:44","21 Jan 2026, 13:31","","Cable Crunch",,"",2,"normal",38.75,10,,,
"Legs","17 Jan 2026, 11:22","17 Jan 2026, 12:02","","Romanian Deadlift (Barbell)",,"",0,"warmup",60,12,,,
"Legs","17 Jan 2026, 11:22","17 Jan 2026, 12:02","","Romanian Deadlift (Barbell)",,"",1,"normal",90,10,,,
"Legs","17 Jan 2026, 11:22","17 Jan 2026, 12:02","","Romanian Deadlift (Barbell)",,"",2,"normal",90,9,,,
"Legs","17 Jan 2026, 11:22","17 Jan 2026, 12:02","","Romanian Deadlift (Barbell)",,"",3,"normal",90,6,,,
"Legs","17 Jan 2026, 11:22","17 Jan 2026, 12:02","","Zercher Squat",,"",0,"normal",60,5,,,
"Legs","17 Jan 2026, 11:22","17 Jan 2026, 12:02","","Zercher Squat",,"",1,"normal",90,5,,,
"Legs","17 Jan 2026, 11:22","17 Jan 2026, 12:02","","Zercher Squat",,"",2,"normal",100,5,,,
"Legs","17 Jan 2026, 11:22","17 Jan 2026, 12:02","","Zercher Squat",,"",3,"normal",110,6,,,
"Legs","17 Jan 2026, 11:22","17 Jan 2026, 12:02","","Front Squat",1,"Front delts got sweaty on set two and bar slipped",0,"normal",60,5,,,
"Legs","17 Jan 2026, 11:22","17 Jan 2026, 12:02","","Front Squat",1,"Front delts got sweaty on set two and bar slipped",1,"normal",80,1,,,
"Legs","17 Jan 2026, 11:22","17 Jan 2026, 12:02","","Front Squat",1,"Front delts got sweaty on set two and bar slipped",2,"normal",80,5,,,
"Legs","17 Jan 2026, 11:22","17 Jan 2026, 12:02","","Seated Calf Raise",1,"",0,"normal",37.5,15,,,
"Legs","17 Jan 2026, 11:22","17 Jan 2026, 12:02","","Seated Calf Raise",1,"",1,"normal",37.5,11,,,
"Legs","17 Jan 2026, 11:22","17 Jan 2026, 12:02","","Seated Calf Raise",1,"",2,"normal",37.5,15,,,
"Legs","17 Jan 2026, 11:22","17 Jan 2026, 12:02","","Seated Calf Raise",1,"",3,"normal",37.5,13,,,
"Pull","13 Jan 2026, 14:02","13 Jan 2026, 14:52","","Deadlift (Barbell)",,"",0,"warmup",40,5,,,
"Pull","13 Jan 2026, 14:02","13 Jan 2026, 14:52","","Deadlift (Barbell)",,"",1,"warmup",80,5,,,
"Pull","13 Jan 2026, 14:02","13 Jan 2026, 14:52","","Deadlift (Barbell)",,"",2,"normal",120,5,,,
"Pull","13 Jan 2026, 14:02","13 Jan 2026, 14:52","","Deadlift (Barbell)",,"",3,"normal",120,5,,,
"Pull","13 Jan 2026, 14:02","13 Jan 2026, 14:52","","Deadlift (Barbell)",,"",4,"normal",120,5,,,
"Pull","13 Jan 2026, 14:02","13 Jan 2026, 14:52","","Pull Up",,"",0,"normal",,5,,,
"Pull","13 Jan 2026, 14:02","13 Jan 2026, 14:52","","Pull Up",,"",1,"normal",,7,,,
"Pull","13 Jan 2026, 14:02","13 Jan 2026, 14:52","","Pull Up",,"",2,"normal",,6,,,
"Pull","13 Jan 2026, 14:02","13 Jan 2026, 14:52","","Pull Up",,"",3,"normal",,5,,,
"Pull","13 Jan 2026, 14:02","13 Jan 2026, 14:52","","Inverted Row",,"",0,"normal",,10,,,
"Pull","13 Jan 2026, 14:02","13 Jan 2026, 14:52","","Inverted Row",,"",1,"normal",,10,,,
"Pull","13 Jan 2026, 14:02","13 Jan 2026, 14:52","","Inverted Row",,"",2,"normal",,14,,,
"Pull","13 Jan 2026, 14:02","13 Jan 2026, 14:52","","Inverted Row",,"",3,"normal",,10,,,
"Pull","13 Jan 2026, 14:02","13 Jan 2026, 14:52","","Seated Cable Row - V Grip (Cable)",,"",0,"normal",70,14,,,
"Pull","13 Jan 2026, 14:02","13 Jan 2026, 14:52","","Seated Cable Row - V Grip (Cable)",,"",1,"normal",80,15,,,
"Pull","13 Jan 2026, 14:02","13 Jan 2026, 14:52","","Rear Delt Reverse Fly (Machine)",,"",0,"normal",27.5,25,,,
"Pull","13 Jan 2026, 14:02","13 Jan 2026, 14:52","","Rear Delt Reverse Fly (Machine)",,"",1,"normal",35,15,,,
"Pull","13 Jan 2026, 14:02","13 Jan 2026, 14:52","","Rear Delt Reverse Fly (Machine)",,"",2,"normal",35,15,,,
"Pull","13 Jan 2026, 14:02","13 Jan 2026, 14:52","","Straight Arm Lat Pulldown (Cable)",,"",0,"normal",32,12,,,
"Pull","13 Jan 2026, 14:02","13 Jan 2026, 14:52","","Straight Arm Lat Pulldown (Cable)",,"",1,"normal",36,17,,,
"Pull","13 Jan 2026, 14:02","13 Jan 2026, 14:52","","Straight Arm Lat Pulldown (Cable)",,"",2,"normal",40,6,,,
"Pull","13 Jan 2026, 14:02","13 Jan 2026, 14:52","","EZ Bar Biceps Curl",,"",0,"normal",34,8,,,
"Pull","13 Jan 2026, 14:02","13 Jan 2026, 14:52","","EZ Bar Biceps Curl",,"",1,"normal",34,8,,,
"Pull","13 Jan 2026, 14:02","13 Jan 2026, 14:52","","EZ Bar Biceps Curl",,"",2,"normal",34,7,,,
"Pull","13 Jan 2026, 14:02","13 Jan 2026, 14:52","","Hanging Leg Raise",,"",0,"normal",,4,,,
"Pull","13 Jan 2026, 14:02","13 Jan 2026, 14:52","","Hanging Leg Raise",,"",1,"normal",,9,,,
"Pull","13 Jan 2026, 14:02","13 Jan 2026, 14:52","","Hanging Leg Raise",,"",2,"normal",,4,,,
"Afternoon workout 💪","11 Jan 2026, 14:35","11 Jan 2026, 15:08","","Treadmill",,"",0,"normal",,,3.7,1980,
"Push","10 Jan 2026, 18:35","10 Jan 2026, 19:24","","Bench Press (Barbell)",,"",0,"warmup",50,5,,,
"Push","10 Jan 2026, 18:35","10 Jan 2026, 19:24","","Bench Press (Barbell)",,"",1,"normal",70,5,,,
"Push","10 Jan 2026, 18:35","10 Jan 2026, 19:24","","Bench Press (Barbell)",,"",2,"normal",90,5,,,
"Push","10 Jan 2026, 18:35","10 Jan 2026, 19:24","","Bench Press (Barbell)",,"",3,"normal",90,5,,,
"Push","10 Jan 2026, 18:35","10 Jan 2026, 19:24","","Bench Press (Barbell)",,"",4,"normal",90,6,,,
"Push","10 Jan 2026, 18:35","10 Jan 2026, 19:24","","Chest Dip",,"",0,"normal",,13,,,
"Push","10 Jan 2026, 18:35","10 Jan 2026, 19:24","","Chest Dip",,"",1,"normal",,13,,,
"Push","10 Jan 2026, 18:35","10 Jan 2026, 19:24","","Chest Dip",,"",2,"normal",,7,,,
"Push","10 Jan 2026, 18:35","10 Jan 2026, 19:24","","Chest Dip",,"",3,"normal",,7,,,
"Push","10 Jan 2026, 18:35","10 Jan 2026, 19:24","","Overhead Press (Barbell)",,"Nearly died",0,"normal",50,5,,,
"Push","10 Jan 2026, 18:35","10 Jan 2026, 19:24","","Overhead Press (Barbell)",,"Nearly died",1,"normal",55,4,,,
"Push","10 Jan 2026, 18:35","10 Jan 2026, 19:24","","Overhead Press (Barbell)",,"Nearly died",2,"normal",55,1,,,
"Push","10 Jan 2026, 18:35","10 Jan 2026, 19:24","","Butterfly (Pec Deck)",,"",0,"normal",45,14,,,
"Push","10 Jan 2026, 18:35","10 Jan 2026, 19:24","","Butterfly (Pec Deck)",,"",1,"normal",45,12,,,
"Push","10 Jan 2026, 18:35","10 Jan 2026, 19:24","","Butterfly (Pec Deck)",,"",2,"normal",45,9,,,
"Push","10 Jan 2026, 18:35","10 Jan 2026, 19:24","","Triceps Extension (Cable)",,"",0,"normal",28,12,,,
"Push","10 Jan 2026, 18:35","10 Jan 2026, 19:24","","Triceps Extension (Cable)",,"",1,"normal",25,12,,,
"Push","10 Jan 2026, 18:35","10 Jan 2026, 19:24","","Triceps Extension (Cable)",,"",2,"normal",25,12,,,
"Push","10 Jan 2026, 18:35","10 Jan 2026, 19:24","","Triceps Extension (Cable)",,"",3,"normal",17,10,,,
"Push","10 Jan 2026, 18:35","10 Jan 2026, 19:24","","Single Arm Landmine Press (Barbell)",,"",0,"normal",25,5,,,
"Push","10 Jan 2026, 18:35","10 Jan 2026, 19:24","","Single Arm Landmine Press (Barbell)",,"",1,"normal",15,10,,,
"Push","10 Jan 2026, 18:35","10 Jan 2026, 19:24","","Single Arm Landmine Press (Barbell)",,"",2,"normal",15,10,,,
"Push","10 Jan 2026, 18:35","10 Jan 2026, 19:24","","Single Arm Landmine Press (Barbell)",,"",3,"normal",15,10,,,
"Pull","30 Dec 2025, 09:38","30 Dec 2025, 10:51","","Deadlift (Barbell)",,"",0,"warmup",60,5,,,
"Pull","30 Dec 2025, 09:38","30 Dec 2025, 10:51","","Deadlift (Barbell)",,"",1,"warmup",100,5,,,
"Pull","30 Dec 2025, 09:38","30 Dec 2025, 10:51","","Deadlift (Barbell)",,"",2,"normal",130,3,,,
"Pull","30 Dec 2025, 09:38","30 Dec 2025, 10:51","","Deadlift (Barbell)",,"",3,"normal",155,5,,,
"Pull","30 Dec 2025, 09:38","30 Dec 2025, 10:51","","Deadlift (Barbell)",,"",4,"normal",165,3,,,
"Pull","30 Dec 2025, 09:38","30 Dec 2025, 10:51","","Pull Up",,"",0,"normal",,5,,,
"Pull","30 Dec 2025, 09:38","30 Dec 2025, 10:51","","Pull Up",,"",1,"normal",,4,,,
"Pull","30 Dec 2025, 09:38","30 Dec 2025, 10:51","","Pull Up",,"",2,"normal",,5,,,
"Pull","30 Dec 2025, 09:38","30 Dec 2025, 10:51","","Inverted Row",,"",0,"normal",,10,,,
"Pull","30 Dec 2025, 09:38","30 Dec 2025, 10:51","","Inverted Row",,"",1,"normal",,10,,,
"Pull","30 Dec 2025, 09:38","30 Dec 2025, 10:51","","Inverted Row",,"",2,"normal",,8,,,
"Pull","30 Dec 2025, 09:38","30 Dec 2025, 10:51","","Inverted Row",,"",3,"normal",,7,,,
"Pull","30 Dec 2025, 09:38","30 Dec 2025, 10:51","","Seated Cable Row - V Grip (Cable)",,"",0,"normal",70,16,,,
"Pull","30 Dec 2025, 09:38","30 Dec 2025, 10:51","","Seated Cable Row - V Grip (Cable)",,"",1,"normal",70,15,,,
"Pull","30 Dec 2025, 09:38","30 Dec 2025, 10:51","","Face Pull",,"",0,"normal",15,15,,,
"Pull","30 Dec 2025, 09:38","30 Dec 2025, 10:51","","Face Pull",,"",1,"normal",15,12,,,
"Pull","30 Dec 2025, 09:38","30 Dec 2025, 10:51","","Face Pull",,"",2,"normal",15,13,,,
"Pull","30 Dec 2025, 09:38","30 Dec 2025, 10:51","","Ring Curl",,"",0,"normal",,5,,,
"Pull","30 Dec 2025, 09:38","30 Dec 2025, 10:51","","Ring Curl",,"",1,"normal",,5,,,
"Pull","30 Dec 2025, 09:38","30 Dec 2025, 10:51","","Ring Curl",,"",2,"normal",,5,,,
"Pull","30 Dec 2025, 09:38","30 Dec 2025, 10:51","","Preacher Curl (Dumbbell)",,"fulllllll extension - full pain",0,"normal",10,12,,,
"Pull","30 Dec 2025, 09:38","30 Dec 2025, 10:51","","Preacher Curl (Dumbbell)",,"fulllllll extension - full pain",1,"normal",12.5,10,,,
"Pull","30 Dec 2025, 09:38","30 Dec 2025, 10:51","","Preacher Curl (Dumbbell)",,"fulllllll extension - full pain",2,"normal",12.5,8,,,
"Pull","30 Dec 2025, 09:38","30 Dec 2025, 10:51","","Leg Raise Parallel Bars",,"",0,"normal",,10,,,
"Pull","30 Dec 2025, 09:38","30 Dec 2025, 10:51","","Leg Raise Parallel Bars",,"",1,"normal",,9,,,
"Pull","30 Dec 2025, 09:38","30 Dec 2025, 10:51","","Leg Raise Parallel Bars",,"",2,"normal",,7,,,
"Pull","30 Dec 2025, 09:38","30 Dec 2025, 10:51","","Chin Up",,"",0,"normal",,5,,,
"Pull","30 Dec 2025, 09:38","30 Dec 2025, 10:51","","Chin Up",,"",1,"normal",,5,,,
"Pull","30 Dec 2025, 09:38","30 Dec 2025, 10:51","","Straight Arm Lat Pulldown (Cable)",,"",0,"normal",28.75,12,,,
"Pull","30 Dec 2025, 09:38","30 Dec 2025, 10:51","","Straight Arm Lat Pulldown (Cable)",,"",1,"normal",32,13,,,
"Push","27 Dec 2025, 14:05","27 Dec 2025, 14:58","","Bench Press (Barbell)",,"",0,"warmup",60,5,,,
"Push","27 Dec 2025, 14:05","27 Dec 2025, 14:58","","Bench Press (Barbell)",,"",1,"normal",70,5,,,
"Push","27 Dec 2025, 14:05","27 Dec 2025, 14:58","","Bench Press (Barbell)",,"",2,"normal",85,4,,,
"Push","27 Dec 2025, 14:05","27 Dec 2025, 14:58","","Bench Press (Barbell)",,"",3,"normal",95,1,,,
"Push","27 Dec 2025, 14:05","27 Dec 2025, 14:58","","Bench Press (Barbell)",,"",4,"normal",100,6,,,
"Push","27 Dec 2025, 14:05","27 Dec 2025, 14:58","","Chest Dip",,"",0,"normal",,13,,,
"Push","27 Dec 2025, 14:05","27 Dec 2025, 14:58","","Chest Dip",,"",1,"normal",,11,,,
"Push","27 Dec 2025, 14:05","27 Dec 2025, 14:58","","Chest Dip",,"",2,"normal",,8,,,
"Push","27 Dec 2025, 14:05","27 Dec 2025, 14:58","","Chest Dip",,"",3,"normal",,8,,,
"Push","27 Dec 2025, 14:05","27 Dec 2025, 14:58","","Overhead Press (Dumbbell)",,"",0,"normal",20,8,,,
"Push","27 Dec 2025, 14:05","27 Dec 2025, 14:58","","Overhead Press (Dumbbell)",,"",1,"normal",20,8,,,
"Push","27 Dec 2025, 14:05","27 Dec 2025, 14:58","","Overhead Press (Dumbbell)",,"",2,"normal",20,9,,,
"Push","27 Dec 2025, 14:05","27 Dec 2025, 14:58","","Chest Fly (Dumbbell)",,"",0,"normal",8,14,,,
"Push","27 Dec 2025, 14:05","27 Dec 2025, 14:58","","Chest Fly (Dumbbell)",,"",1,"normal",8,12,,,
"Push","27 Dec 2025, 14:05","27 Dec 2025, 14:58","","Chest Fly (Dumbbell)",,"",2,"normal",8,8,,,
"Push","27 Dec 2025, 14:05","27 Dec 2025, 14:58","","Single Arm Tricep Extension (Dumbbell)",,"",0,"normal",10,8,,,
"Push","27 Dec 2025, 14:05","27 Dec 2025, 14:58","","Single Arm Tricep Extension (Dumbbell)",,"",1,"normal",12.5,10,,,
"Push","27 Dec 2025, 14:05","27 Dec 2025, 14:58","","Single Arm Tricep Extension (Dumbbell)",,"",2,"normal",12.5,9,,,
"Push","27 Dec 2025, 14:05","27 Dec 2025, 14:58","","Seated Triceps Press",,"",0,"normal",95,14,,,
"Push","27 Dec 2025, 14:05","27 Dec 2025, 14:58","","Seated Triceps Press",,"",1,"normal",110,8,,,
"Push","27 Dec 2025, 14:05","27 Dec 2025, 14:58","","Seated Triceps Press",,"",2,"normal",110,7,,,
"Push","27 Dec 2025, 14:05","27 Dec 2025, 14:58","","Seated Triceps Press",,"",3,"normal",110,6,,,
"Push","27 Dec 2025, 14:05","27 Dec 2025, 14:58","","Hanging Leg Raise",,"",0,"normal",,7,,,
"Push","27 Dec 2025, 14:05","27 Dec 2025, 14:58","","Hanging Leg Raise",,"",1,"normal",,8,,,
"Push","27 Dec 2025, 14:05","27 Dec 2025, 14:58","","Hanging Leg Raise",,"",2,"normal",,7,,,
"Legs","23 Dec 2025, 12:19","23 Dec 2025, 12:52","","Romanian Deadlift (Barbell)",,"",0,"warmup",70,11,,,
"Legs","23 Dec 2025, 12:19","23 Dec 2025, 12:52","","Romanian Deadlift (Barbell)",,"",1,"normal",90,12,,,
"Legs","23 Dec 2025, 12:19","23 Dec 2025, 12:52","","Romanian Deadlift (Barbell)",,"",2,"normal",90,11,,,
"Legs","23 Dec 2025, 12:19","23 Dec 2025, 12:52","","Romanian Deadlift (Barbell)",,"",3,"normal",90,8,,,
"Legs","23 Dec 2025, 12:19","23 Dec 2025, 12:52","","Squat (Barbell)",,"",0,"normal",100,8,,,
"Legs","23 Dec 2025, 12:19","23 Dec 2025, 12:52","","Squat (Barbell)",,"",1,"normal",100,10,,,
"Legs","23 Dec 2025, 12:19","23 Dec 2025, 12:52","","Squat (Barbell)",,"",2,"normal",100,6,,,
"Legs","23 Dec 2025, 12:19","23 Dec 2025, 12:52","","Leg Extension (Machine)",,"",0,"normal",70,19,,,
"Legs","23 Dec 2025, 12:19","23 Dec 2025, 12:52","","Leg Extension (Machine)",,"",1,"normal",70,14,,,
"Legs","23 Dec 2025, 12:19","23 Dec 2025, 12:52","","Leg Extension (Machine)",,"",2,"normal",70,10,,,
"Legs","23 Dec 2025, 12:19","23 Dec 2025, 12:52","","Seated Leg Curl (Machine)",,"",0,"normal",70,20,,,
"Legs","23 Dec 2025, 12:19","23 Dec 2025, 12:52","","Seated Leg Curl (Machine)",,"",1,"normal",70,20,,,
"Legs","23 Dec 2025, 12:19","23 Dec 2025, 12:52","","Calf Press (Machine)",1,"",0,"normal",120,12,,,
"Legs","23 Dec 2025, 12:19","23 Dec 2025, 12:52","","Calf Press (Machine)",1,"",1,"normal",120,12,,,
"Legs","23 Dec 2025, 12:19","23 Dec 2025, 12:52","","Calf Press (Machine)",1,"",2,"normal",120,13,,,
"Push","18 Dec 2025, 11:15","18 Dec 2025, 11:54","","Chest Dip",,"",0,"normal",,8,,,
"Push","18 Dec 2025, 11:15","18 Dec 2025, 11:54","","Chest Dip",,"",1,"normal",,8,,,
"Push","18 Dec 2025, 11:15","18 Dec 2025, 11:54","","Chest Dip",,"",2,"normal",,9,,,
"Push","18 Dec 2025, 11:15","18 Dec 2025, 11:54","","Chest Dip",,"",3,"normal",,9,,,
"Push","18 Dec 2025, 11:15","18 Dec 2025, 11:54","","Incline Chest Press (Machine)",,"",0,"warmup",15,10,,,
"Push","18 Dec 2025, 11:15","18 Dec 2025, 11:54","","Incline Chest Press (Machine)",,"",1,"normal",20,10,,,
"Push","18 Dec 2025, 11:15","18 Dec 2025, 11:54","","Incline Chest Press (Machine)",,"",2,"normal",20,12,,,
"Push","18 Dec 2025, 11:15","18 Dec 2025, 11:54","","Incline Chest Press (Machine)",,"",3,"normal",22.5,7,,,
"Push","18 Dec 2025, 11:15","18 Dec 2025, 11:54","","Incline Chest Press (Machine)",,"",4,"normal",22.5,7,,,
"Push","18 Dec 2025, 11:15","18 Dec 2025, 11:54","","Overhead Press (Dumbbell)",,"",0,"normal",22,6,,,
"Push","18 Dec 2025, 11:15","18 Dec 2025, 11:54","","Overhead Press (Dumbbell)",,"",1,"normal",22,5,,,
"Push","18 Dec 2025, 11:15","18 Dec 2025, 11:54","","Overhead Press (Dumbbell)",,"",2,"normal",18,8,,,
"Push","18 Dec 2025, 11:15","18 Dec 2025, 11:54","","Overhead Press (Dumbbell)",,"",3,"normal",18,7,,,
"Push","18 Dec 2025, 11:15","18 Dec 2025, 11:54","","Butterfly (Pec Deck)",,"",0,"normal",53.75,17,,,
"Push","18 Dec 2025, 11:15","18 Dec 2025, 11:54","","Butterfly (Pec Deck)",,"",1,"normal",53.75,10,,,
"Push","18 Dec 2025, 11:15","18 Dec 2025, 11:54","","Butterfly (Pec Deck)",,"",2,"normal",50,8,,,
"Push","18 Dec 2025, 11:15","18 Dec 2025, 11:54","","Triceps Extension (Cable)",,"",0,"normal",25,11,,,
"Push","18 Dec 2025, 11:15","18 Dec 2025, 11:54","","Triceps Extension (Cable)",,"",1,"normal",25,12,,,
"Push","18 Dec 2025, 11:15","18 Dec 2025, 11:54","","Triceps Extension (Cable)",,"",2,"normal",25,12,,,
"Push","18 Dec 2025, 11:15","18 Dec 2025, 11:54","","Seated Triceps Press",,"",0,"normal",87.5,11,,,
"Push","18 Dec 2025, 11:15","18 Dec 2025, 11:54","","Seated Triceps Press",,"",1,"normal",87.5,10,,,
"Push","18 Dec 2025, 11:15","18 Dec 2025, 11:54","","Seated Triceps Press",,"",2,"normal",87.5,7,,,
"Push","18 Dec 2025, 11:15","18 Dec 2025, 11:54","","Cable Crunch",,"",0,"normal",36,14,,,
"Push","18 Dec 2025, 11:15","18 Dec 2025, 11:54","","Cable Crunch",,"",1,"normal",40,15,,,
"Push","18 Dec 2025, 11:15","18 Dec 2025, 11:54","","Cable Crunch",,"",2,"normal",40,15,,,
"Pull","16 Dec 2025, 17:13","16 Dec 2025, 17:55","","Deadlift (Barbell)",,"",0,"warmup",60,5,,,
"Pull","16 Dec 2025, 17:13","16 Dec 2025, 17:55","","Deadlift (Barbell)",,"",1,"warmup",100,5,,,
"Pull","16 Dec 2025, 17:13","16 Dec 2025, 17:55","","Deadlift (Barbell)",,"",2,"normal",140,3,,,
"Pull","16 Dec 2025, 17:13","16 Dec 2025, 17:55","","Deadlift (Barbell)",,"",3,"normal",160,4,,,
"Pull","16 Dec 2025, 17:13","16 Dec 2025, 17:55","","Deadlift (Barbell)",,"",4,"normal",180,4,,,
"Pull","16 Dec 2025, 17:13","16 Dec 2025, 17:55","","Pull Up",,"",0,"normal",,5,,,
"Pull","16 Dec 2025, 17:13","16 Dec 2025, 17:55","","Pull Up",,"",1,"normal",,5,,,
"Pull","16 Dec 2025, 17:13","16 Dec 2025, 17:55","","Pull Up",,"",2,"normal",,5,,,
"Pull","16 Dec 2025, 17:13","16 Dec 2025, 17:55","","Pull Up",,"",3,"normal",,1,,,
"Pull","16 Dec 2025, 17:13","16 Dec 2025, 17:55","","Inverted Row",,"",0,"normal",,10,,,
"Pull","16 Dec 2025, 17:13","16 Dec 2025, 17:55","","Inverted Row",,"",1,"normal",,10,,,
"Pull","16 Dec 2025, 17:13","16 Dec 2025, 17:55","","Inverted Row",,"",2,"normal",,12,,,
"Pull","16 Dec 2025, 17:13","16 Dec 2025, 17:55","","Seated Cable Row - V Grip (Cable)",,"",0,"normal",70,16,,,
"Pull","16 Dec 2025, 17:13","16 Dec 2025, 17:55","","Seated Cable Row - V Grip (Cable)",,"",1,"normal",70,17,,,
"Pull","16 Dec 2025, 17:13","16 Dec 2025, 17:55","","EZ Bar Biceps Curl",,"",0,"normal",39,8,,,
"Pull","16 Dec 2025, 17:13","16 Dec 2025, 17:55","","EZ Bar Biceps Curl",,"",1,"normal",39,7,,,
"Pull","16 Dec 2025, 17:13","16 Dec 2025, 17:55","","EZ Bar Biceps Curl",,"",2,"normal",34,9,,,
"Pull","16 Dec 2025, 17:13","16 Dec 2025, 17:55","","Preacher Curl (Dumbbell)",,"",0,"normal",10,10,,,
"Pull","16 Dec 2025, 17:13","16 Dec 2025, 17:55","","Preacher Curl (Dumbbell)",,"",1,"normal",10,9,,,
"Pull","16 Dec 2025, 17:13","16 Dec 2025, 17:55","","Preacher Curl (Dumbbell)",,"",2,"normal",10,7,,,
"Pull","16 Dec 2025, 17:13","16 Dec 2025, 17:55","","Hanging Leg Raise",,"",0,"normal",,8,,,
"Pull","16 Dec 2025, 17:13","16 Dec 2025, 17:55","","Hanging Leg Raise",,"",1,"normal",,7,,,
"Pull","16 Dec 2025, 17:13","16 Dec 2025, 17:55","","Hanging Leg Raise",,"",2,"normal",,7,,,
"Push","9 Dec 2025, 12:48","9 Dec 2025, 13:43","","Chest Dip",,"",0,"normal",,10,,,
"Push","9 Dec 2025, 12:48","9 Dec 2025, 13:43","","Chest Dip",,"",1,"normal",,12,,,
"Push","9 Dec 2025, 12:48","9 Dec 2025, 13:43","","Chest Dip",,"",2,"normal",,14,,,
"Push","9 Dec 2025, 12:48","9 Dec 2025, 13:43","","Chest Dip",,"",3,"normal",,11,,,
"Push","9 Dec 2025, 12:48","9 Dec 2025, 13:43","","Incline Bench Press (Dumbbell)",,"",0,"warmup",24,8,,,
"Push","9 Dec 2025, 12:48","9 Dec 2025, 13:43","","Incline Bench Press (Dumbbell)",,"",1,"normal",28,8,,,
"Push","9 Dec 2025, 12:48","9 Dec 2025, 13:43","","Incline Bench Press (Dumbbell)",,"",2,"normal",28,6,,,
"Push","9 Dec 2025, 12:48","9 Dec 2025, 13:43","","Incline Bench Press (Dumbbell)",,"",3,"normal",28,6,,,
"Push","9 Dec 2025, 12:48","9 Dec 2025, 13:43","","Overhead Press (Dumbbell)",,"",0,"normal",20,8,,,
"Push","9 Dec 2025, 12:48","9 Dec 2025, 13:43","","Overhead Press (Dumbbell)",,"",1,"normal",20,8,,,
"Push","9 Dec 2025, 12:48","9 Dec 2025, 13:43","","Overhead Press (Dumbbell)",,"",2,"normal",20,7,,,
"Push","9 Dec 2025, 12:48","9 Dec 2025, 13:43","","Butterfly (Pec Deck)",,"",0,"normal",50,13,,,
"Push","9 Dec 2025, 12:48","9 Dec 2025, 13:43","","Butterfly (Pec Deck)",,"",1,"normal",45,14,,,
"Push","9 Dec 2025, 12:48","9 Dec 2025, 13:43","","Butterfly (Pec Deck)",,"",2,"normal",45,12,,,
"Push","9 Dec 2025, 12:48","9 Dec 2025, 13:43","","Triceps Extension (Cable)",,"",0,"normal",25,14,,,
"Push","9 Dec 2025, 12:48","9 Dec 2025, 13:43","","Triceps Extension (Cable)",,"",1,"normal",28.75,12,,,
"Push","9 Dec 2025, 12:48","9 Dec 2025, 13:43","","Triceps Extension (Cable)",,"",2,"normal",28.75,14,,,
"Push","9 Dec 2025, 12:48","9 Dec 2025, 13:43","","Seated Triceps Press",,"",0,"normal",72.5,14,,,
"Push","9 Dec 2025, 12:48","9 Dec 2025, 13:43","","Seated Triceps Press",,"",1,"normal",87.5,12,,,
"Push","9 Dec 2025, 12:48","9 Dec 2025, 13:43","","Seated Triceps Press",,"",2,"normal",87.5,12,,,
"Push","9 Dec 2025, 12:48","9 Dec 2025, 13:43","","Cable Crunch",,"",0,"normal",36,14,,,
"Push","9 Dec 2025, 12:48","9 Dec 2025, 13:43","","Cable Crunch",,"",1,"normal",40,12,,,
"Push","9 Dec 2025, 12:48","9 Dec 2025, 13:43","","Cable Crunch",,"",2,"normal",40,15,,,
"Legs","6 Dec 2025, 13:45","6 Dec 2025, 15:06","","Romanian Deadlift (Barbell)",,"",0,"warmup",60,12,,,
"Legs","6 Dec 2025, 13:45","6 Dec 2025, 15:06","","Romanian Deadlift (Barbell)",,"",1,"normal",90,10,,,
"Legs","6 Dec 2025, 13:45","6 Dec 2025, 15:06","","Romanian Deadlift (Barbell)",,"",2,"normal",90,10,,,
"Legs","6 Dec 2025, 13:45","6 Dec 2025, 15:06","","Romanian Deadlift (Barbell)",,"",3,"normal",90,10,,,
"Legs","6 Dec 2025, 13:45","6 Dec 2025, 15:06","","Squat (Barbell)",,"",0,"warmup",60,5,,,
"Legs","6 Dec 2025, 13:45","6 Dec 2025, 15:06","","Squat (Barbell)",,"",1,"warmup",100,5,,,
"Legs","6 Dec 2025, 13:45","6 Dec 2025, 15:06","","Squat (Barbell)",,"",2,"normal",130,6,,,
"Legs","6 Dec 2025, 13:45","6 Dec 2025, 15:06","","Squat (Barbell)",,"",3,"normal",150,2,,,
"Legs","6 Dec 2025, 13:45","6 Dec 2025, 15:06","","Squat (Barbell)",,"",4,"normal",165,2,,,
"Legs","6 Dec 2025, 13:45","6 Dec 2025, 15:06","","Leg Extension (Machine)",,"",0,"normal",83,12,,,
"Legs","6 Dec 2025, 13:45","6 Dec 2025, 15:06","","Leg Extension (Machine)",,"",1,"normal",83,11,,,
"Legs","6 Dec 2025, 13:45","6 Dec 2025, 15:06","","Leg Extension (Machine)",,"",2,"normal",83,14,,,
"Legs","6 Dec 2025, 13:45","6 Dec 2025, 15:06","","Lying Leg Curl (Machine)",,"",0,"normal",73,8,,,
"Legs","6 Dec 2025, 13:45","6 Dec 2025, 15:06","","Lying Leg Curl (Machine)",,"",1,"normal",75,6,,,
"Legs","6 Dec 2025, 13:45","6 Dec 2025, 15:06","","Lying Leg Curl (Machine)",,"",2,"normal",64,2,,,
"Legs","6 Dec 2025, 13:45","6 Dec 2025, 15:06","","Hip Abduction (Machine)",,"",0,"normal",67.5,18,,,
"Legs","6 Dec 2025, 13:45","6 Dec 2025, 15:06","","Hip Abduction (Machine)",,"",1,"normal",71.25,18,,,
"Legs","6 Dec 2025, 13:45","6 Dec 2025, 15:06","","Hip Adduction (Machine)",,"",0,"normal",37.5,19,,,
"Legs","6 Dec 2025, 13:45","6 Dec 2025, 15:06","","Hip Adduction (Machine)",,"",1,"normal",37.5,14,,,
"Legs","6 Dec 2025, 13:45","6 Dec 2025, 15:06","","Calf Extension (Machine)",1,"",0,"normal",100,16,,,
"Legs","6 Dec 2025, 13:45","6 Dec 2025, 15:06","","Calf Extension (Machine)",1,"",1,"normal",100,16,,,
"Legs","6 Dec 2025, 13:45","6 Dec 2025, 15:06","","Calf Extension (Machine)",1,"",2,"normal",100,16,,,
"Pull","2 Dec 2025, 13:20","2 Dec 2025, 14:02","","Deadlift (Barbell)",,"",0,"warmup",60,5,,,
"Pull","2 Dec 2025, 13:20","2 Dec 2025, 14:02","","Deadlift (Barbell)",,"",1,"warmup",100,5,,,
"Pull","2 Dec 2025, 13:20","2 Dec 2025, 14:02","","Deadlift (Barbell)",,"",2,"normal",140,6,,,
"Pull","2 Dec 2025, 13:20","2 Dec 2025, 14:02","","Deadlift (Barbell)",,"",3,"normal",140,7,,,
"Pull","2 Dec 2025, 13:20","2 Dec 2025, 14:02","","Deadlift (Barbell)",,"",4,"normal",140,10,,,
"Pull","2 Dec 2025, 13:20","2 Dec 2025, 14:02","","Pull Up",,"",0,"normal",,5,,,
"Pull","2 Dec 2025, 13:20","2 Dec 2025, 14:02","","Pull Up",,"",1,"normal",,5,,,
"Pull","2 Dec 2025, 13:20","2 Dec 2025, 14:02","","Pull Up",,"",2,"normal",,5,,,
"Pull","2 Dec 2025, 13:20","2 Dec 2025, 14:02","","Pull Up",,"",3,"normal",,3,,,
"Pull","2 Dec 2025, 13:20","2 Dec 2025, 14:02","","Seated Cable Row - V Grip (Cable)",,"",0,"normal",70,16,,,
"Pull","2 Dec 2025, 13:20","2 Dec 2025, 14:02","","Seated Cable Row - V Grip (Cable)",,"",1,"normal",70,10,,,
"Pull","2 Dec 2025, 13:20","2 Dec 2025, 14:02","","EZ Bar Biceps Curl",,"Accidental pr as I cant tell the difference between 5kg and 2.5kg",0,"normal",41.5,5,,,
"Pull","2 Dec 2025, 13:20","2 Dec 2025, 14:02","","EZ Bar Biceps Curl",,"Accidental pr as I cant tell the difference between 5kg and 2.5kg",1,"normal",39,6,,,
"Pull","2 Dec 2025, 13:20","2 Dec 2025, 14:02","","EZ Bar Biceps Curl",,"Accidental pr as I cant tell the difference between 5kg and 2.5kg",2,"normal",31.5,8,,,
"Pull","2 Dec 2025, 13:20","2 Dec 2025, 14:02","","EZ Bar Biceps Curl",,"Accidental pr as I cant tell the difference between 5kg and 2.5kg",3,"normal",31.5,7,,,
"Pull","2 Dec 2025, 13:20","2 Dec 2025, 14:02","","Cable Crunch",,"",0,"normal",36,12,,,
"Pull","2 Dec 2025, 13:20","2 Dec 2025, 14:02","","Cable Crunch",,"",1,"normal",40,12,,,
"Pull","2 Dec 2025, 13:20","2 Dec 2025, 14:02","","Cable Crunch",,"",2,"normal",40,9,,,
"Push","29 Nov 2025, 15:21","29 Nov 2025, 16:21","","Incline Bench Press (Dumbbell)",,"",0,"normal",24,10,,,
"Push","29 Nov 2025, 15:21","29 Nov 2025, 16:21","","Incline Bench Press (Dumbbell)",,"",1,"normal",26,8,,,
"Push","29 Nov 2025, 15:21","29 Nov 2025, 16:21","","Incline Bench Press (Dumbbell)",,"",2,"normal",28,9,,,
"Push","29 Nov 2025, 15:21","29 Nov 2025, 16:21","","Chest Dip",,"",0,"normal",,10,,,
"Push","29 Nov 2025, 15:21","29 Nov 2025, 16:21","","Chest Dip",,"",1,"normal",,10,,,
"Push","29 Nov 2025, 15:21","29 Nov 2025, 16:21","","Chest Dip",,"",2,"normal",,10,,,
"Push","29 Nov 2025, 15:21","29 Nov 2025, 16:21","","Chest Dip",,"",3,"normal",,8,,,
"Push","29 Nov 2025, 15:21","29 Nov 2025, 16:21","","Shoulder Press (Machine Plates)",,"",0,"normal",18,12,,,
"Push","29 Nov 2025, 15:21","29 Nov 2025, 16:21","","Shoulder Press (Machine Plates)",,"",1,"normal",20,12,,,
"Push","29 Nov 2025, 15:21","29 Nov 2025, 16:21","","Shoulder Press (Machine Plates)",,"",2,"normal",20,9,,,
"Push","29 Nov 2025, 15:21","29 Nov 2025, 16:21","","Butterfly (Pec Deck)",,"",0,"normal",50,15,,,
"Push","29 Nov 2025, 15:21","29 Nov 2025, 16:21","","Butterfly (Pec Deck)",,"",1,"normal",50,15,,,
"Push","29 Nov 2025, 15:21","29 Nov 2025, 16:21","","Butterfly (Pec Deck)",,"",2,"normal",50,12,,,
"Push","29 Nov 2025, 15:21","29 Nov 2025, 16:21","","Overhead Triceps Extension (Cable)",,"",0,"normal",27,8,,,
"Push","29 Nov 2025, 15:21","29 Nov 2025, 16:21","","Overhead Triceps Extension (Cable)",,"",1,"normal",39,12,,,
"Push","29 Nov 2025, 15:21","29 Nov 2025, 16:21","","Overhead Triceps Extension (Cable)",,"",2,"normal",50,12,,,
"Push","29 Nov 2025, 15:21","29 Nov 2025, 16:21","","Overhead Triceps Extension (Cable)",,"",3,"normal",50,12,,,
"Push","29 Nov 2025, 15:21","29 Nov 2025, 16:21","","Triceps Kickback (Dumbbell)",,"",0,"normal",8,13,,,
"Push","29 Nov 2025, 15:21","29 Nov 2025, 16:21","","Triceps Kickback (Dumbbell)",,"",1,"normal",8,13,,,
"Push","29 Nov 2025, 15:21","29 Nov 2025, 16:21","","Triceps Kickback (Dumbbell)",,"",2,"normal",8,13,,,
"Push","29 Nov 2025, 15:21","29 Nov 2025, 16:21","","Hanging Leg Raise",,"",0,"normal",,8,,,
"Push","29 Nov 2025, 15:21","29 Nov 2025, 16:21","","Hanging Leg Raise",,"",1,"normal",,8,,,
"Push","29 Nov 2025, 15:21","29 Nov 2025, 16:21","","Hanging Leg Raise",,"",2,"normal",,9,,,
"Legs","26 Nov 2025, 13:56","26 Nov 2025, 14:40","","Romanian Deadlift (Barbell)",,"",0,"warmup",60,10,,,
"Legs","26 Nov 2025, 13:56","26 Nov 2025, 14:40","","Romanian Deadlift (Barbell)",,"",1,"normal",90,8,,,
"Legs","26 Nov 2025, 13:56","26 Nov 2025, 14:40","","Romanian Deadlift (Barbell)",,"",2,"normal",90,8,,,
"Legs","26 Nov 2025, 13:56","26 Nov 2025, 14:40","","Squat (Barbell)",,"3 sets of zercher, then high bars",0,"warmup",60,3,,,
"Legs","26 Nov 2025, 13:56","26 Nov 2025, 14:40","","Squat (Barbell)",,"3 sets of zercher, then high bars",1,"warmup",60,3,,,
"Legs","26 Nov 2025, 13:56","26 Nov 2025, 14:40","","Squat (Barbell)",,"3 sets of zercher, then high bars",2,"normal",80,3,,,
"Legs","26 Nov 2025, 13:56","26 Nov 2025, 14:40","","Squat (Barbell)",,"3 sets of zercher, then high bars",3,"normal",60,5,,,
"Legs","26 Nov 2025, 13:56","26 Nov 2025, 14:40","","Squat (Barbell)",,"3 sets of zercher, then high bars",4,"normal",80,6,,,
"Legs","26 Nov 2025, 13:56","26 Nov 2025, 14:40","","Squat (Barbell)",,"3 sets of zercher, then high bars",5,"normal",80,8,,,
"Legs","26 Nov 2025, 13:56","26 Nov 2025, 14:40","","Squat (Barbell)",,"3 sets of zercher, then high bars",6,"normal",80,8,,,
"Legs","26 Nov 2025, 13:56","26 Nov 2025, 14:40","","Leg Extension (Machine)",,"",0,"normal",91,12,,,
"Legs","26 Nov 2025, 13:56","26 Nov 2025, 14:40","","Leg Extension (Machine)",,"",1,"normal",91,11,,,
"Legs","26 Nov 2025, 13:56","26 Nov 2025, 14:40","","Leg Extension (Machine)",,"",2,"normal",91,14,,,
"Legs","26 Nov 2025, 13:56","26 Nov 2025, 14:40","","Seated Leg Curl (Machine)",,"",0,"normal",95,10,,,
"Legs","26 Nov 2025, 13:56","26 Nov 2025, 14:40","","Seated Leg Curl (Machine)",,"",1,"normal",95,9,,,
"Legs","26 Nov 2025, 13:56","26 Nov 2025, 14:40","","Calf Extension (Machine)",,"",0,"normal",110,16,,,
"Legs","26 Nov 2025, 13:56","26 Nov 2025, 14:40","","Calf Extension (Machine)",,"",1,"normal",120,16,,,
"Legs","26 Nov 2025, 13:56","26 Nov 2025, 14:40","","Calf Extension (Machine)",,"",2,"normal",120,16,,,
"Morning workout ☀️","24 Nov 2025, 11:57","24 Nov 2025, 12:18","","Chest Dip",,"",0,"normal",,6,,,
"Morning workout ☀️","24 Nov 2025, 11:57","24 Nov 2025, 12:18","","Chest Dip",,"",1,"normal",,8,,,
"Morning workout ☀️","24 Nov 2025, 11:57","24 Nov 2025, 12:18","","Chest Dip",,"",2,"normal",,9,,,
"Morning workout ☀️","24 Nov 2025, 11:57","24 Nov 2025, 12:18","","Chest Dip",,"",3,"normal",,10,,,
"Morning workout ☀️","24 Nov 2025, 11:57","24 Nov 2025, 12:18","","Pull Up",,"",0,"normal",,3,,,
"Morning workout ☀️","24 Nov 2025, 11:57","24 Nov 2025, 12:18","","Pull Up",,"",1,"normal",,3,,,
"Morning workout ☀️","24 Nov 2025, 11:57","24 Nov 2025, 12:18","","Triceps Pushdown",,"",0,"normal",36.25,8,,,
"Morning workout ☀️","24 Nov 2025, 11:57","24 Nov 2025, 12:18","","Triceps Pushdown",,"",1,"normal",36.25,8,,,
"Morning workout ☀️","24 Nov 2025, 11:57","24 Nov 2025, 12:18","","Triceps Pushdown",,"",2,"normal",36.25,5,,,
"Morning workout ☀️","24 Nov 2025, 11:57","24 Nov 2025, 12:18","","Hanging Leg Raise",,"",0,"normal",,8,,,
"Morning workout ☀️","24 Nov 2025, 11:57","24 Nov 2025, 12:18","","Hanging Leg Raise",,"",1,"normal",,8,,,
"Morning workout ☀️","24 Nov 2025, 11:57","24 Nov 2025, 12:18","","Hanging Leg Raise",,"",2,"normal",,7,,,
"Morning workout ☀️","24 Nov 2025, 11:57","24 Nov 2025, 12:18","","Jefferson curl",,"",0,"normal",15,5,,,
"Morning workout ☀️","24 Nov 2025, 11:57","24 Nov 2025, 12:18","","Jefferson curl",,"",1,"normal",30,5,,,
"Morning workout ☀️","24 Nov 2025, 11:57","24 Nov 2025, 12:18","","Jefferson curl",,"",2,"normal",30,5,,,
"Morning workout ☀️","24 Nov 2025, 11:57","24 Nov 2025, 12:18","","Chin Up",,"",0,"normal",,4,,,
"Pull","20 Nov 2025, 14:00","20 Nov 2025, 14:52","","Deadlift (Barbell)",,"",0,"warmup",70,6,,,
"Pull","20 Nov 2025, 14:00","20 Nov 2025, 14:52","","Deadlift (Barbell)",,"",1,"warmup",110,5,,,
"Pull","20 Nov 2025, 14:00","20 Nov 2025, 14:52","","Deadlift (Barbell)",,"",2,"normal",150,5,,,
"Pull","20 Nov 2025, 14:00","20 Nov 2025, 14:52","","Deadlift (Barbell)",,"",3,"normal",150,5,,,
"Pull","20 Nov 2025, 14:00","20 Nov 2025, 14:52","","Deadlift (Barbell)",,"",4,"normal",150,2,,,
"Pull","20 Nov 2025, 14:00","20 Nov 2025, 14:52","","Pull Up",,"",0,"normal",,5,,,
"Pull","20 Nov 2025, 14:00","20 Nov 2025, 14:52","","Pull Up",,"",1,"normal",,4,,,
"Pull","20 Nov 2025, 14:00","20 Nov 2025, 14:52","","Pull Up",,"",2,"normal",,3,,,
"Pull","20 Nov 2025, 14:00","20 Nov 2025, 14:52","","Pull Up",,"",3,"normal",,2,,,
"Pull","20 Nov 2025, 14:00","20 Nov 2025, 14:52","","Inverted Row",,"",0,"normal",,12,,,
"Pull","20 Nov 2025, 14:00","20 Nov 2025, 14:52","","Inverted Row",,"",1,"normal",,8,,,
"Pull","20 Nov 2025, 14:00","20 Nov 2025, 14:52","","Inverted Row",,"",2,"normal",,12,,,
"Pull","20 Nov 2025, 14:00","20 Nov 2025, 14:52","","Seated Cable Row - V Grip (Cable)",,"",0,"normal",60,15,,,
"Pull","20 Nov 2025, 14:00","20 Nov 2025, 14:52","","Seated Cable Row - V Grip (Cable)",,"",1,"normal",70,17,,,
"Pull","20 Nov 2025, 14:00","20 Nov 2025, 14:52","","EZ Bar Biceps Curl",,"",0,"normal",34,7,,,
"Pull","20 Nov 2025, 14:00","20 Nov 2025, 14:52","","EZ Bar Biceps Curl",,"",1,"normal",34,6,,,
"Pull","20 Nov 2025, 14:00","20 Nov 2025, 14:52","","EZ Bar Biceps Curl",,"",2,"normal",34,5,,,
"Pull","20 Nov 2025, 14:00","20 Nov 2025, 14:52","","EZ Bar Biceps Curl",,"",3,"normal",29,6,,,
"Pull","20 Nov 2025, 14:00","20 Nov 2025, 14:52","","Leg Raise Parallel Bars",,"",0,"normal",,9,,,
"Pull","20 Nov 2025, 14:00","20 Nov 2025, 14:52","","Leg Raise Parallel Bars",,"",1,"normal",,7,,,
"Pull","20 Nov 2025, 14:00","20 Nov 2025, 14:52","","Leg Raise Parallel Bars",,"",2,"normal",,8,,,
"Push","18 Nov 2025, 13:26","18 Nov 2025, 14:04","","Chest Dip",,"",0,"normal",,8,,,
"Push","18 Nov 2025, 13:26","18 Nov 2025, 14:04","","Chest Dip",,"",1,"normal",,9,,,
"Push","18 Nov 2025, 13:26","18 Nov 2025, 14:04","","Chest Dip",,"",2,"normal",,11,,,
"Push","18 Nov 2025, 13:26","18 Nov 2025, 14:04","","Chest Dip",,"",3,"normal",,9,,,
"Push","18 Nov 2025, 13:26","18 Nov 2025, 14:04","","Incline Bench Press (Dumbbell)",,"",0,"normal",25,6,,,
"Push","18 Nov 2025, 13:26","18 Nov 2025, 14:04","","Incline Bench Press (Dumbbell)",,"",1,"normal",27.5,7,,,
"Push","18 Nov 2025, 13:26","18 Nov 2025, 14:04","","Incline Bench Press (Dumbbell)",,"",2,"normal",27.5,5,,,
"Push","18 Nov 2025, 13:26","18 Nov 2025, 14:04","","Incline Bench Press (Dumbbell)",,"",3,"normal",27.5,6,,,
"Push","18 Nov 2025, 13:26","18 Nov 2025, 14:04","","Overhead Press (Dumbbell)",,"",0,"normal",17.5,12,,,
"Push","18 Nov 2025, 13:26","18 Nov 2025, 14:04","","Overhead Press (Dumbbell)",,"",1,"normal",20,9,,,
"Push","18 Nov 2025, 13:26","18 Nov 2025, 14:04","","Overhead Press (Dumbbell)",,"",2,"normal",20,8,,,
"Push","18 Nov 2025, 13:26","18 Nov 2025, 14:04","","Butterfly (Pec Deck)",,"",0,"normal",50,17,,,
"Push","18 Nov 2025, 13:26","18 Nov 2025, 14:04","","Butterfly (Pec Deck)",,"",1,"normal",53.75,13,,,
"Push","18 Nov 2025, 13:26","18 Nov 2025, 14:04","","Butterfly (Pec Deck)",,"",2,"normal",53.75,14,,,
"Push","18 Nov 2025, 13:26","18 Nov 2025, 14:04","","Lateral Raise (Dumbbell)",,"",0,"normal",8,14,,,
"Push","18 Nov 2025, 13:26","18 Nov 2025, 14:04","","Lateral Raise (Dumbbell)",,"",1,"normal",8,14,,,
"Push","18 Nov 2025, 13:26","18 Nov 2025, 14:04","","Triceps Extension (Cable)",,"",0,"normal",25,14,,,
"Push","18 Nov 2025, 13:26","18 Nov 2025, 14:04","","Triceps Extension (Cable)",,"",1,"normal",25,12,,,
"Push","18 Nov 2025, 13:26","18 Nov 2025, 14:04","","Triceps Extension (Cable)",,"",2,"normal",25,9,,,
"Push","18 Nov 2025, 13:26","18 Nov 2025, 14:04","","Triceps Kickback (Dumbbell)",,"",0,"normal",8,15,,,
"Push","18 Nov 2025, 13:26","18 Nov 2025, 14:04","","Triceps Kickback (Dumbbell)",,"",1,"normal",10,15,,,
"Push","18 Nov 2025, 13:26","18 Nov 2025, 14:04","","Triceps Kickback (Dumbbell)",,"",2,"normal",10,15,,,
"Push","18 Nov 2025, 13:26","18 Nov 2025, 14:04","","Cable Crunch",,"",0,"normal",36,14,,,
"Push","18 Nov 2025, 13:26","18 Nov 2025, 14:04","","Cable Crunch",,"",1,"normal",36,14,,,
"Push","18 Nov 2025, 13:26","18 Nov 2025, 14:04","","Cable Crunch",,"",2,"normal",36,14,,,
"Legs","16 Nov 2025, 12:49","16 Nov 2025, 13:31","","Romanian Deadlift (Barbell)",,"Got to have even foot pressure or no hammys",0,"warmup",60,10,,,
"Legs","16 Nov 2025, 12:49","16 Nov 2025, 13:31","","Romanian Deadlift (Barbell)",,"Got to have even foot pressure or no hammys",1,"normal",90,10,,,
"Legs","16 Nov 2025, 12:49","16 Nov 2025, 13:31","","Romanian Deadlift (Barbell)",,"Got to have even foot pressure or no hammys",2,"normal",90,9,,,
"Legs","16 Nov 2025, 12:49","16 Nov 2025, 13:31","","Romanian Deadlift (Barbell)",,"Got to have even foot pressure or no hammys",3,"normal",90,8,,,
"Legs","16 Nov 2025, 12:49","16 Nov 2025, 13:31","","Squat (Barbell)",,"",0,"warmup",60,5,,,
"Legs","16 Nov 2025, 12:49","16 Nov 2025, 13:31","","Squat (Barbell)",,"",1,"warmup",90,5,,,
"Legs","16 Nov 2025, 12:49","16 Nov 2025, 13:31","","Squat (Barbell)",,"",2,"normal",130,6,,,
"Legs","16 Nov 2025, 12:49","16 Nov 2025, 13:31","","Squat (Barbell)",,"",3,"normal",130,8,,,
"Legs","16 Nov 2025, 12:49","16 Nov 2025, 13:31","","Squat (Barbell)",,"",4,"normal",130,5,,,
"Legs","16 Nov 2025, 12:49","16 Nov 2025, 13:31","","Leg Extension (Machine)",,"",0,"normal",98.75,15,,,
"Legs","16 Nov 2025, 12:49","16 Nov 2025, 13:31","","Leg Extension (Machine)",,"",1,"normal",98.75,10,,,
"Legs","16 Nov 2025, 12:49","16 Nov 2025, 13:31","","Leg Extension (Machine)",,"",2,"normal",98.75,10,,,
"Legs","16 Nov 2025, 12:49","16 Nov 2025, 13:31","","Seated Leg Curl (Machine)",,"",0,"normal",95,10,,,
"Legs","16 Nov 2025, 12:49","16 Nov 2025, 13:31","","Seated Leg Curl (Machine)",,"",1,"normal",95,10,,,
"Push","15 Nov 2025, 11:48","15 Nov 2025, 12:30","","Chest Dip",,"Wide, pause,",0,"normal",,8,,,
"Push","15 Nov 2025, 11:48","15 Nov 2025, 12:30","","Chest Dip",,"Wide, pause,",1,"normal",,8,,,
"Push","15 Nov 2025, 11:48","15 Nov 2025, 12:30","","Chest Dip",,"Wide, pause,",2,"normal",,9,,,
"Push","15 Nov 2025, 11:48","15 Nov 2025, 12:30","","Chest Dip",,"Wide, pause,",3,"normal",,10,,,
"Push","15 Nov 2025, 11:48","15 Nov 2025, 12:30","","Incline Bench Press (Dumbbell)",,"Deep, pause",0,"normal",25,8,,,
"Push","15 Nov 2025, 11:48","15 Nov 2025, 12:30","","Incline Bench Press (Dumbbell)",,"Deep, pause",1,"normal",25,8,,,
"Push","15 Nov 2025, 11:48","15 Nov 2025, 12:30","","Incline Bench Press (Dumbbell)",,"Deep, pause",2,"normal",25,8,,,
"Push","15 Nov 2025, 11:48","15 Nov 2025, 12:30","","Incline Bench Press (Dumbbell)",,"Deep, pause",3,"normal",25,11,,,
"Push","15 Nov 2025, 11:48","15 Nov 2025, 12:30","","Butterfly (Pec Deck)",,"",0,"normal",53.75,15,,,
"Push","15 Nov 2025, 11:48","15 Nov 2025, 12:30","","Butterfly (Pec Deck)",,"",1,"normal",53.75,11,,,
"Push","15 Nov 2025, 11:48","15 Nov 2025, 12:30","","Butterfly (Pec Deck)",,"",2,"normal",53.75,10,,,
"Push","15 Nov 2025, 11:48","15 Nov 2025, 12:30","","Triceps Extension (Cable)",,"",0,"normal",25,17,,,
"Push","15 Nov 2025, 11:48","15 Nov 2025, 12:30","","Triceps Extension (Cable)",,"",1,"normal",28.75,7,,,
"Push","15 Nov 2025, 11:48","15 Nov 2025, 12:30","","Triceps Extension (Cable)",,"",2,"normal",25,10,,,
"Push","15 Nov 2025, 11:48","15 Nov 2025, 12:30","","Cable Crunch",,"",0,"normal",36,14,,,
"Push","15 Nov 2025, 11:48","15 Nov 2025, 12:30","","Cable Crunch",,"",1,"normal",36,14,,,
"Push","15 Nov 2025, 11:48","15 Nov 2025, 12:30","","Cable Crunch",,"",2,"normal",36,14,,,
"Push","15 Nov 2025, 11:48","15 Nov 2025, 12:30","","EZ Bar Biceps Curl",,"",0,"normal",39,9,,,
"Push","15 Nov 2025, 11:48","15 Nov 2025, 12:30","","EZ Bar Biceps Curl",,"",1,"normal",39,6,,,
"Push","15 Nov 2025, 11:48","15 Nov 2025, 12:30","","EZ Bar Biceps Curl",,"",2,"normal",39,5,,,
"Push","15 Nov 2025, 11:48","15 Nov 2025, 12:30","","EZ Bar Biceps Curl",,"",3,"normal",34,4,,,
"Push","15 Nov 2025, 11:48","15 Nov 2025, 12:30","","Triceps Pushdown",,"",0,"normal",25,14,,,
"Push","15 Nov 2025, 11:48","15 Nov 2025, 12:30","","Triceps Pushdown",,"",1,"normal",25,14,,,
"Push","15 Nov 2025, 11:48","15 Nov 2025, 12:30","","Triceps Pushdown",,"",2,"normal",25,14,,,
"Pull","14 Nov 2025, 18:31","14 Nov 2025, 19:01","","Deadlift (Barbell)",,"",0,"warmup",60,5,,,
"Pull","14 Nov 2025, 18:31","14 Nov 2025, 19:01","","Deadlift (Barbell)",,"",1,"warmup",100,5,,,
"Pull","14 Nov 2025, 18:31","14 Nov 2025, 19:01","","Deadlift (Barbell)",,"",2,"normal",140,5,,,
"Pull","14 Nov 2025, 18:31","14 Nov 2025, 19:01","","Deadlift (Barbell)",,"",3,"normal",140,5,,,
"Pull","14 Nov 2025, 18:31","14 Nov 2025, 19:01","","Deadlift (Barbell)",,"",4,"normal",140,5,,,
"Pull","14 Nov 2025, 18:31","14 Nov 2025, 19:01","","Pull Up",,"",0,"normal",,4,,,
"Pull","14 Nov 2025, 18:31","14 Nov 2025, 19:01","","Pull Up",,"",1,"normal",,4,,,
"Pull","14 Nov 2025, 18:31","14 Nov 2025, 19:01","","Pull Up",,"",2,"normal",,4,,,
"Pull","14 Nov 2025, 18:31","14 Nov 2025, 19:01","","Pull Up",,"",3,"normal",,4,,,
"Pull","14 Nov 2025, 18:31","14 Nov 2025, 19:01","","Inverted Row",,"",0,"normal",,12,,,
"Pull","14 Nov 2025, 18:31","14 Nov 2025, 19:01","","Inverted Row",,"",1,"normal",,12,,,
"Pull","14 Nov 2025, 18:31","14 Nov 2025, 19:01","","Inverted Row",,"",2,"normal",,12,,,
"Pull","14 Nov 2025, 18:31","14 Nov 2025, 19:01","","Bicep Curl (Dumbbell)",,"",0,"normal",18,5,,,
"Pull","14 Nov 2025, 18:31","14 Nov 2025, 19:01","","Bicep Curl (Dumbbell)",,"",1,"normal",18,4,,,
"Pull","14 Nov 2025, 18:31","14 Nov 2025, 19:01","","Bicep Curl (Dumbbell)",,"",2,"normal",18,4,,,
"Push","11 Nov 2025, 19:30","11 Nov 2025, 20:21","","Incline Bench Press (Dumbbell)",,"",0,"warmup",20,8,,,
"Push","11 Nov 2025, 19:30","11 Nov 2025, 20:21","","Incline Bench Press (Dumbbell)",,"",1,"normal",24,8,,,
"Push","11 Nov 2025, 19:30","11 Nov 2025, 20:21","","Incline Bench Press (Dumbbell)",,"",2,"normal",24,10,,,
"Push","11 Nov 2025, 19:30","11 Nov 2025, 20:21","","Incline Bench Press (Dumbbell)",,"",3,"normal",26,8,,,
"Push","11 Nov 2025, 19:30","11 Nov 2025, 20:21","","Chest Dip",,"",0,"normal",,8,,,
"Push","11 Nov 2025, 19:30","11 Nov 2025, 20:21","","Chest Dip",,"",1,"normal",,9,,,
"Push","11 Nov 2025, 19:30","11 Nov 2025, 20:21","","Chest Dip",,"",2,"normal",,8,,,
"Push","11 Nov 2025, 19:30","11 Nov 2025, 20:21","","Chest Dip",,"",3,"normal",,8,,,
"Push","11 Nov 2025, 19:30","11 Nov 2025, 20:21","","Overhead Press (Dumbbell)",,"",0,"normal",18,8,,,
"Push","11 Nov 2025, 19:30","11 Nov 2025, 20:21","","Overhead Press (Dumbbell)",,"",1,"normal",20,7,,,
"Push","11 Nov 2025, 19:30","11 Nov 2025, 20:21","","Overhead Press (Dumbbell)",,"",2,"normal",20,6,,,
"Push","11 Nov 2025, 19:30","11 Nov 2025, 20:21","","Ring Push Up",,"Half press up half fly",0,"normal",,4,,,
"Push","11 Nov 2025, 19:30","11 Nov 2025, 20:21","","Ring Push Up",,"Half press up half fly",1,"normal",,6,,,
"Push","11 Nov 2025, 19:30","11 Nov 2025, 20:21","","Ring Push Up",,"Half press up half fly",2,"normal",,6,,,
"Push","11 Nov 2025, 19:30","11 Nov 2025, 20:21","","Ring Push Up",,"Half press up half fly",3,"normal",,5,,,
"Push","11 Nov 2025, 19:30","11 Nov 2025, 20:21","","Triceps Extension (Cable)",,"",0,"normal",28.75,10,,,
"Push","11 Nov 2025, 19:30","11 Nov 2025, 20:21","","Triceps Extension (Cable)",,"",1,"normal",28.75,7,,,
"Push","11 Nov 2025, 19:30","11 Nov 2025, 20:21","","Triceps Extension (Cable)",,"",2,"normal",25,10,,,
"Push","11 Nov 2025, 19:30","11 Nov 2025, 20:21","","Hanging Leg Raise",,"",0,"normal",,8,,,
"Push","11 Nov 2025, 19:30","11 Nov 2025, 20:21","","Hanging Leg Raise",,"",1,"normal",,8,,,
"Push","11 Nov 2025, 19:30","11 Nov 2025, 20:21","","Cable Crunch",,"",0,"normal",36,12,,,
"Push","11 Nov 2025, 19:30","11 Nov 2025, 20:21","","Cable Crunch",,"",1,"normal",36,12,,,
"Push","11 Nov 2025, 19:30","11 Nov 2025, 20:21","","Cable Crunch",,"",2,"normal",36,12,,,
"Legs","8 Nov 2025, 13:28","8 Nov 2025, 14:18","","Romanian Deadlift (Barbell)",,"",0,"warmup",60,8,,,
"Legs","8 Nov 2025, 13:28","8 Nov 2025, 14:18","","Romanian Deadlift (Barbell)",,"",1,"normal",90,10,,,
"Legs","8 Nov 2025, 13:28","8 Nov 2025, 14:18","","Romanian Deadlift (Barbell)",,"",2,"normal",90,10,,,
"Legs","8 Nov 2025, 13:28","8 Nov 2025, 14:18","","Romanian Deadlift (Barbell)",,"",3,"normal",90,10,,,
"Legs","8 Nov 2025, 13:28","8 Nov 2025, 14:18","","Squat (Barbell)",,"Pause reps going ass to grass",0,"warmup",60,5,,,
"Legs","8 Nov 2025, 13:28","8 Nov 2025, 14:18","","Squat (Barbell)",,"Pause reps going ass to grass",1,"warmup",90,5,,,
"Legs","8 Nov 2025, 13:28","8 Nov 2025, 14:18","","Squat (Barbell)",,"Pause reps going ass to grass",2,"normal",110,5,,,
"Legs","8 Nov 2025, 13:28","8 Nov 2025, 14:18","","Squat (Barbell)",,"Pause reps going ass to grass",3,"normal",110,5,,,
"Legs","8 Nov 2025, 13:28","8 Nov 2025, 14:18","","Squat (Barbell)",,"Pause reps going ass to grass",4,"normal",110,5,,,
"Legs","8 Nov 2025, 13:28","8 Nov 2025, 14:18","","Leg Extension (Machine)",,"",0,"normal",83.75,15,,,
"Legs","8 Nov 2025, 13:28","8 Nov 2025, 14:18","","Leg Extension (Machine)",,"",1,"normal",98.75,11,,,
"Legs","8 Nov 2025, 13:28","8 Nov 2025, 14:18","","Leg Extension (Machine)",,"",2,"normal",95,14,,,
"Legs","8 Nov 2025, 13:28","8 Nov 2025, 14:18","","Seated Leg Curl (Machine)",,"",0,"normal",80,10,,,
"Legs","8 Nov 2025, 13:28","8 Nov 2025, 14:18","","Seated Leg Curl (Machine)",,"",1,"normal",95,9,,,
"Legs","8 Nov 2025, 13:28","8 Nov 2025, 14:18","","Calf Press (Machine)",,"",0,"normal",113.75,14,,,
"Legs","8 Nov 2025, 13:28","8 Nov 2025, 14:18","","Calf Press (Machine)",,"",1,"normal",113.75,11,,,
"Legs","8 Nov 2025, 13:28","8 Nov 2025, 14:18","","Calf Press (Machine)",,"",2,"normal",113.75,13,,,
"Legs","8 Nov 2025, 13:28","8 Nov 2025, 14:18","","Calf Press (Machine)",,"",3,"normal",113.75,5,,,
"Legs","8 Nov 2025, 13:28","8 Nov 2025, 14:18","","Chin Up",,"",0,"normal",,5,,,
"Legs","8 Nov 2025, 13:28","8 Nov 2025, 14:18","","Chin Up",,"",1,"normal",,5,,,
"Legs","8 Nov 2025, 13:28","8 Nov 2025, 14:18","","Chin Up",,"",2,"normal",,5,,,
"Legs","8 Nov 2025, 13:28","8 Nov 2025, 14:18","","Chin Up",,"",3,"normal",,3,,,
"Pull","6 Nov 2025, 14:28","6 Nov 2025, 15:14","","Deadlift (Barbell)",,"",0,"warmup",60,6,,,
"Pull","6 Nov 2025, 14:28","6 Nov 2025, 15:14","","Deadlift (Barbell)",,"",1,"warmup",100,5,,,
"Pull","6 Nov 2025, 14:28","6 Nov 2025, 15:14","","Deadlift (Barbell)",,"",2,"normal",140,3,,,
"Pull","6 Nov 2025, 14:28","6 Nov 2025, 15:14","","Deadlift (Barbell)",,"",3,"normal",170,1,,,
"Pull","6 Nov 2025, 14:28","6 Nov 2025, 15:14","","Deadlift (Barbell)",,"",4,"normal",180,2,,,
"Pull","6 Nov 2025, 14:28","6 Nov 2025, 15:14","","Deadlift (Barbell)",,"",5,"normal",140,4,,,
"Pull","6 Nov 2025, 14:28","6 Nov 2025, 15:14","","Pull Up",,"Chins",0,"normal",,8,,,
"Pull","6 Nov 2025, 14:28","6 Nov 2025, 15:14","","Pull Up",,"Chins",1,"normal",,3,,,
"Pull","6 Nov 2025, 14:28","6 Nov 2025, 15:14","","Pull Up",,"Chins",2,"normal",,3,,,
"Pull","6 Nov 2025, 14:28","6 Nov 2025, 15:14","","Pull Up",,"Chins",3,"normal",,5,,,
"Pull","6 Nov 2025, 14:28","6 Nov 2025, 15:14","","Pull Up",,"Chins",4,"normal",,4,,,
"Pull","6 Nov 2025, 14:28","6 Nov 2025, 15:14","","Pull Up",,"Chins",5,"normal",,2,,,
"Pull","6 Nov 2025, 14:28","6 Nov 2025, 15:14","","Pull Up",,"Chins",6,"normal",,2,,,
"Pull","6 Nov 2025, 14:28","6 Nov 2025, 15:14","","Inverted Row",,"Floor trx",0,"normal",,8,,,
"Pull","6 Nov 2025, 14:28","6 Nov 2025, 15:14","","Inverted Row",,"Floor trx",1,"normal",,8,,,
"Pull","6 Nov 2025, 14:28","6 Nov 2025, 15:14","","Inverted Row",,"Floor trx",2,"normal",,8,,,
"Pull","6 Nov 2025, 14:28","6 Nov 2025, 15:14","","Straight Arm Lat Pulldown (Cable)",,"",0,"normal",32,12,,,
"Pull","6 Nov 2025, 14:28","6 Nov 2025, 15:14","","Straight Arm Lat Pulldown (Cable)",,"",1,"normal",32,12,,,
"Pull","6 Nov 2025, 14:28","6 Nov 2025, 15:14","","Straight Arm Lat Pulldown (Cable)",,"",2,"normal",32,11,,,
"Pull","6 Nov 2025, 14:28","6 Nov 2025, 15:14","","EZ Bar Biceps Curl",,"",0,"normal",36.5,6,,,
"Pull","6 Nov 2025, 14:28","6 Nov 2025, 15:14","","EZ Bar Biceps Curl",,"",1,"normal",36.5,7,,,
"Pull","6 Nov 2025, 14:28","6 Nov 2025, 15:14","","EZ Bar Biceps Curl",,"",2,"normal",31.5,12,,,
"Pull","6 Nov 2025, 14:28","6 Nov 2025, 15:14","","EZ Bar Biceps Curl",,"",3,"normal",31.5,7,,,
"Pull","6 Nov 2025, 14:28","6 Nov 2025, 15:14","","Hanging Leg Raise",,"",0,"normal",,6,,,
"Pull","6 Nov 2025, 14:28","6 Nov 2025, 15:14","","Hanging Leg Raise",,"",1,"normal",,6,,,
"Push","4 Nov 2025, 12:34","4 Nov 2025, 13:27","","Ring Push Up",,"Diagonal",0,"normal",,8,,,
"Push","4 Nov 2025, 12:34","4 Nov 2025, 13:27","","Ring Push Up",,"Diagonal",1,"normal",,6,,,
"Push","4 Nov 2025, 12:34","4 Nov 2025, 13:27","","Ring Push Up",,"Diagonal",2,"normal",,6,,,
"Push","4 Nov 2025, 12:34","4 Nov 2025, 13:27","","Incline Bench Press (Dumbbell)",,"",0,"normal",20,10,,,
"Push","4 Nov 2025, 12:34","4 Nov 2025, 13:27","","Incline Bench Press (Dumbbell)",,"",1,"normal",20,9,,,
"Push","4 Nov 2025, 12:34","4 Nov 2025, 13:27","","Incline Bench Press (Dumbbell)",,"",2,"normal",20,10,,,
"Push","4 Nov 2025, 12:34","4 Nov 2025, 13:27","","Incline Bench Press (Dumbbell)",,"",3,"normal",20,11,,,
"Push","4 Nov 2025, 12:34","4 Nov 2025, 13:27","","Chest Dip",,"",0,"normal",,7,,,
"Push","4 Nov 2025, 12:34","4 Nov 2025, 13:27","","Chest Dip",,"",1,"normal",,6,,,
"Push","4 Nov 2025, 12:34","4 Nov 2025, 13:27","","Chest Dip",,"",2,"normal",,7,,,
"Push","4 Nov 2025, 12:34","4 Nov 2025, 13:27","","Chest Dip",,"",3,"normal",,7,,,
"Push","4 Nov 2025, 12:34","4 Nov 2025, 13:27","","Overhead Press (Dumbbell)",,"",0,"normal",14,9,,,
"Push","4 Nov 2025, 12:34","4 Nov 2025, 13:27","","Overhead Press (Dumbbell)",,"",1,"normal",16,8,,,
"Push","4 Nov 2025, 12:34","4 Nov 2025, 13:27","","Overhead Press (Dumbbell)",,"",2,"normal",18,8,,,
"Push","4 Nov 2025, 12:34","4 Nov 2025, 13:27","","Overhead Press (Dumbbell)",,"",3,"normal",18,8,,,
"Push","4 Nov 2025, 12:34","4 Nov 2025, 13:27","","Butterfly (Pec Deck)",,"",0,"normal",42.5,18,,,
"Push","4 Nov 2025, 12:34","4 Nov 2025, 13:27","","Butterfly (Pec Deck)",,"",1,"normal",46.25,15,,,
"Push","4 Nov 2025, 12:34","4 Nov 2025, 13:27","","Butterfly (Pec Deck)",,"",2,"normal",46.25,8,,,
"Push","4 Nov 2025, 12:34","4 Nov 2025, 13:27","","Lateral Raise (Dumbbell)",,"",0,"normal",8,13,,,
"Push","4 Nov 2025, 12:34","4 Nov 2025, 13:27","","Lateral Raise (Dumbbell)",,"",1,"normal",8,7,,,
"Push","4 Nov 2025, 12:34","4 Nov 2025, 13:27","","Lateral Raise (Dumbbell)",,"",2,"normal",8,7,,,
"Push","4 Nov 2025, 12:34","4 Nov 2025, 13:27","","Triceps Extension (Cable)",0,"",0,"normal",25,15,,,
"Push","4 Nov 2025, 12:34","4 Nov 2025, 13:27","","Triceps Extension (Cable)",0,"",1,"normal",28.75,8,,,
"Push","4 Nov 2025, 12:34","4 Nov 2025, 13:27","","Triceps Extension (Cable)",0,"",2,"normal",28.75,8,,,
"Push","4 Nov 2025, 12:34","4 Nov 2025, 13:27","","Triceps Kickback (Dumbbell)",,"",0,"normal",8,12,,,
"Push","4 Nov 2025, 12:34","4 Nov 2025, 13:27","","Triceps Kickback (Dumbbell)",,"",1,"normal",8,15,,,
"Push","4 Nov 2025, 12:34","4 Nov 2025, 13:27","","Triceps Kickback (Dumbbell)",,"",2,"normal",8,15,,,
"Push","4 Nov 2025, 12:34","4 Nov 2025, 13:27","","Cable Crunch",0,"",0,"normal",36,12,,,
"Push","4 Nov 2025, 12:34","4 Nov 2025, 13:27","","Cable Crunch",0,"",1,"normal",40,14,,,
"Push","4 Nov 2025, 12:34","4 Nov 2025, 13:27","","Cable Crunch",0,"",2,"normal",40,11,,,
"Push","4 Nov 2025, 12:34","4 Nov 2025, 13:27","","Hanging Leg Raise",,"",0,"normal",,8,,,
"Push","4 Nov 2025, 12:34","4 Nov 2025, 13:27","","Hanging Leg Raise",,"",1,"normal",,4,,,
"Afternoon workout 💪","2 Nov 2025, 14:48","2 Nov 2025, 16:10","","Pull Up",,"",0,"normal",,5,,,
"Afternoon workout 💪","2 Nov 2025, 14:48","2 Nov 2025, 16:10","","Pull Up",,"",1,"normal",,5,,,
"Afternoon workout 💪","2 Nov 2025, 14:48","2 Nov 2025, 16:10","","Pull Up",,"",2,"normal",,5,,,
"Afternoon workout 💪","2 Nov 2025, 14:48","2 Nov 2025, 16:10","","Pull Up",,"",3,"normal",,4,,,
"Afternoon workout 💪","2 Nov 2025, 14:48","2 Nov 2025, 16:10","","Chest Dip",,"",0,"normal",,8,,,
"Afternoon workout 💪","2 Nov 2025, 14:48","2 Nov 2025, 16:10","","Chest Dip",,"",1,"normal",,7,,,
"Afternoon workout 💪","2 Nov 2025, 14:48","2 Nov 2025, 16:10","","Chest Dip",,"",2,"normal",,7,,,
"Afternoon workout 💪","2 Nov 2025, 14:48","2 Nov 2025, 16:10","","Chest Dip",,"",3,"normal",,8,,,
"Afternoon workout 💪","2 Nov 2025, 14:48","2 Nov 2025, 16:10","","Briefcase Carry",,"",0,"normal",32,,,,
"Afternoon workout 💪","2 Nov 2025, 14:48","2 Nov 2025, 16:10","","Briefcase Carry",,"",1,"normal",32,,,,
"Afternoon workout 💪","2 Nov 2025, 14:48","2 Nov 2025, 16:10","","Briefcase Carry",,"",2,"normal",32,,,,
"Afternoon workout 💪","2 Nov 2025, 14:48","2 Nov 2025, 16:10","","Running",,"",0,"normal",,,6.2,3600,
"Legs","1 Nov 2025, 16:35","1 Nov 2025, 17:42","","Romanian Deadlift (Barbell)",,"",0,"warmup",70,8,,,
"Legs","1 Nov 2025, 16:35","1 Nov 2025, 17:42","","Romanian Deadlift (Barbell)",,"",1,"normal",90,8,,,
"Legs","1 Nov 2025, 16:35","1 Nov 2025, 17:42","","Romanian Deadlift (Barbell)",,"",2,"normal",90,9,,,
"Legs","1 Nov 2025, 16:35","1 Nov 2025, 17:42","","Romanian Deadlift (Barbell)",,"",3,"normal",90,7,,,
"Legs","1 Nov 2025, 16:35","1 Nov 2025, 17:42","","Squat (Barbell)",,"",0,"warmup",70,5,,,
"Legs","1 Nov 2025, 16:35","1 Nov 2025, 17:42","","Squat (Barbell)",,"",1,"warmup",90,5,,,
"Legs","1 Nov 2025, 16:35","1 Nov 2025, 17:42","","Squat (Barbell)",,"",2,"normal",120,5,,,
"Legs","1 Nov 2025, 16:35","1 Nov 2025, 17:42","","Squat (Barbell)",,"",3,"normal",140,3,,,
"Legs","1 Nov 2025, 16:35","1 Nov 2025, 17:42","","Squat (Barbell)",,"",4,"normal",160,1,,,
"Legs","1 Nov 2025, 16:35","1 Nov 2025, 17:42","","Squat (Barbell)",,"",5,"normal",120,8,,,
"Legs","1 Nov 2025, 16:35","1 Nov 2025, 17:42","","Leg Extension (Machine)",,"",0,"normal",80,15,,,
"Legs","1 Nov 2025, 16:35","1 Nov 2025, 17:42","","Leg Extension (Machine)",,"",1,"normal",80,14,,,
"Legs","1 Nov 2025, 16:35","1 Nov 2025, 17:42","","Leg Extension (Machine)",,"",2,"normal",80,9,,,
"Legs","1 Nov 2025, 16:35","1 Nov 2025, 17:42","","Seated Leg Curl (Machine)",,"",0,"normal",75,12,,,
"Legs","1 Nov 2025, 16:35","1 Nov 2025, 17:42","","Seated Leg Curl (Machine)",,"",1,"normal",78,10,,,
"Legs","1 Nov 2025, 16:35","1 Nov 2025, 17:42","","Seated Leg Curl (Machine)",,"",2,"normal",90,6,,,
"Legs","1 Nov 2025, 16:35","1 Nov 2025, 17:42","","Hip Abduction (Machine)",,"",0,"normal",67.5,18,,,
"Legs","1 Nov 2025, 16:35","1 Nov 2025, 17:42","","Hip Abduction (Machine)",,"",1,"normal",71.25,18,,,
"Legs","1 Nov 2025, 16:35","1 Nov 2025, 17:42","","Hip Adduction (Machine)",,"",0,"normal",37.5,19,,,
"Legs","1 Nov 2025, 16:35","1 Nov 2025, 17:42","","Hip Adduction (Machine)",,"",1,"normal",37.5,14,,,
"Legs","1 Nov 2025, 16:35","1 Nov 2025, 17:42","","Seated Calf Raise",1,"",0,"normal",40,12,,,
"Legs","1 Nov 2025, 16:35","1 Nov 2025, 17:42","","Seated Calf Raise",1,"",1,"normal",40,18,,,
"Legs","1 Nov 2025, 16:35","1 Nov 2025, 17:42","","Seated Calf Raise",1,"",2,"normal",40,12,,,
"Legs","1 Nov 2025, 16:35","1 Nov 2025, 17:42","","Bulgarian Split Squat",1,"",0,"normal",12,6,,,
"Legs","1 Nov 2025, 16:35","1 Nov 2025, 17:42","","Bulgarian Split Squat",1,"",1,"normal",,8,,,
"Pull","29 Oct 2025, 13:36","29 Oct 2025, 14:12","","Deadlift (Barbell)",,"",0,"warmup",60,5,,,
"Pull","29 Oct 2025, 13:36","29 Oct 2025, 14:12","","Deadlift (Barbell)",,"",1,"warmup",90,5,,,
"Pull","29 Oct 2025, 13:36","29 Oct 2025, 14:12","","Deadlift (Barbell)",,"",2,"normal",110,3,,,
"Pull","29 Oct 2025, 13:36","29 Oct 2025, 14:12","","Deadlift (Barbell)",,"",3,"normal",110,4,,,
"Pull","29 Oct 2025, 13:36","29 Oct 2025, 14:12","","Deadlift (Barbell)",,"",4,"normal",110,4,,,
"Pull","29 Oct 2025, 13:36","29 Oct 2025, 14:12","","Ring Pull Up",,"",0,"normal",,5,,,
"Pull","29 Oct 2025, 13:36","29 Oct 2025, 14:12","","Ring Pull Up",,"",1,"normal",,5,,,
"Pull","29 Oct 2025, 13:36","29 Oct 2025, 14:12","","Ring Pull Up",,"",2,"normal",,5,,,
"Pull","29 Oct 2025, 13:36","29 Oct 2025, 14:12","","Ring Pull Up",,"",3,"normal",,4,,,
"Pull","29 Oct 2025, 13:36","29 Oct 2025, 14:12","","Ring Pull Up",,"",4,"normal",,5,,,
"Pull","29 Oct 2025, 13:36","29 Oct 2025, 14:12","","Inverted Row",,"Rings",0,"normal",,8,,,
"Pull","29 Oct 2025, 13:36","29 Oct 2025, 14:12","","Inverted Row",,"Rings",1,"normal",,8,,,
"Pull","29 Oct 2025, 13:36","29 Oct 2025, 14:12","","Inverted Row",,"Rings",2,"normal",,5,,,
"Pull","29 Oct 2025, 13:36","29 Oct 2025, 14:12","","Face Pull",,"",0,"normal",10,10,,,
"Pull","29 Oct 2025, 13:36","29 Oct 2025, 14:12","","Face Pull",,"",1,"normal",10,10,,,
"Pull","29 Oct 2025, 13:36","29 Oct 2025, 14:12","","Face Pull",,"",2,"normal",10,12,,,
"Pull","29 Oct 2025, 13:36","29 Oct 2025, 14:12","","EZ Bar Biceps Curl",,"",0,"normal",34,7,,,
"Pull","29 Oct 2025, 13:36","29 Oct 2025, 14:12","","EZ Bar Biceps Curl",,"",1,"normal",34,5,,,
"Pull","29 Oct 2025, 13:36","29 Oct 2025, 14:12","","EZ Bar Biceps Curl",,"",2,"normal",29,5,,,
"Pull","29 Oct 2025, 13:36","29 Oct 2025, 14:12","","EZ Bar Biceps Curl",,"",3,"normal",24,7,,,
"Pull","29 Oct 2025, 13:36","29 Oct 2025, 14:12","","Hanging Leg Raise",,"",0,"normal",,6,,,
"Pull","29 Oct 2025, 13:36","29 Oct 2025, 14:12","","Hanging Leg Raise",,"",1,"normal",,7,,,
"Cycle","29 Oct 2025, 13:07","29 Oct 2025, 13:23","","Cycling",,"",0,"normal",,,6.3,900,
"Push","28 Oct 2025, 18:01","28 Oct 2025, 19:03","","Chest Press (TRX)",,"Body weight, wide feet",0,"normal",,5,,,
"Push","28 Oct 2025, 18:01","28 Oct 2025, 19:03","","Chest Press (TRX)",,"Body weight, wide feet",1,"normal",,6,,,
"Push","28 Oct 2025, 18:01","28 Oct 2025, 19:03","","Chest Press (TRX)",,"Body weight, wide feet",2,"normal",,7,,,
"Push","28 Oct 2025, 18:01","28 Oct 2025, 19:03","","Chest Press (TRX)",,"Body weight, wide feet",3,"normal",,6,,,
"Push","28 Oct 2025, 18:01","28 Oct 2025, 19:03","","Incline Bench Press (Dumbbell)",,"",0,"warmup",16,8,,,
"Push","28 Oct 2025, 18:01","28 Oct 2025, 19:03","","Incline Bench Press (Dumbbell)",,"",1,"normal",20,8,,,
"Push","28 Oct 2025, 18:01","28 Oct 2025, 19:03","","Incline Bench Press (Dumbbell)",,"",2,"normal",20,8,,,
"Push","28 Oct 2025, 18:01","28 Oct 2025, 19:03","","Incline Bench Press (Dumbbell)",,"",3,"normal",20,7,,,
"Push","28 Oct 2025, 18:01","28 Oct 2025, 19:03","","Chest Dip",,"",0,"normal",,9,,,
"Push","28 Oct 2025, 18:01","28 Oct 2025, 19:03","","Chest Dip",,"",1,"normal",,8,,,
"Push","28 Oct 2025, 18:01","28 Oct 2025, 19:03","","Chest Dip",,"",2,"normal",,6,,,
"Push","28 Oct 2025, 18:01","28 Oct 2025, 19:03","","Overhead Press (Dumbbell)",,"",0,"normal",16,7,,,
"Push","28 Oct 2025, 18:01","28 Oct 2025, 19:03","","Overhead Press (Dumbbell)",,"",1,"normal",16,8,,,
"Push","28 Oct 2025, 18:01","28 Oct 2025, 19:03","","Overhead Press (Dumbbell)",,"",2,"normal",16,6,,,
"Push","28 Oct 2025, 18:01","28 Oct 2025, 19:03","","Butterfly (Pec Deck)",,"",0,"normal",42.5,12,,,
"Push","28 Oct 2025, 18:01","28 Oct 2025, 19:03","","Butterfly (Pec Deck)",,"",1,"normal",35,12,,,
"Push","28 Oct 2025, 18:01","28 Oct 2025, 19:03","","Butterfly (Pec Deck)",,"",2,"normal",35,10,,,
"Push","28 Oct 2025, 18:01","28 Oct 2025, 19:03","","Lateral Raise (Machine)",,"",0,"normal",27,8,,,
"Push","28 Oct 2025, 18:01","28 Oct 2025, 19:03","","Lateral Raise (Machine)",,"",1,"normal",20,14,,,
"Push","28 Oct 2025, 18:01","28 Oct 2025, 19:03","","Lateral Raise (Machine)",,"",2,"normal",20,12,,,
"Push","28 Oct 2025, 18:01","28 Oct 2025, 19:03","","Triceps Extension (Cable)",0,"1sr set Rope then v Bar",0,"normal",25,12,,,
"Push","28 Oct 2025, 18:01","28 Oct 2025, 19:03","","Triceps Extension (Cable)",0,"1sr set Rope then v Bar",1,"normal",25,9,,,
"Push","28 Oct 2025, 18:01","28 Oct 2025, 19:03","","Triceps Extension (Cable)",0,"1sr set Rope then v Bar",2,"normal",25,7,,,
"Push","28 Oct 2025, 18:01","28 Oct 2025, 19:03","","Triceps Extension (Cable)",0,"1sr set Rope then v Bar",3,"dropset",17.5,4,,,
"Push","28 Oct 2025, 18:01","28 Oct 2025, 19:03","","Seated Triceps Press",,"",0,"normal",72.5,8,,,
"Push","28 Oct 2025, 18:01","28 Oct 2025, 19:03","","Seated Triceps Press",,"",1,"normal",72.5,15,,,
"Push","28 Oct 2025, 18:01","28 Oct 2025, 19:03","","Seated Triceps Press",,"",2,"normal",72.5,10,,,
"Push","28 Oct 2025, 18:01","28 Oct 2025, 19:03","","Seated Triceps Press",,"",3,"normal",72.5,11,,,
"Push","28 Oct 2025, 18:01","28 Oct 2025, 19:03","","Hanging Leg Raise",0,"",0,"normal",,9,,,
"Push","28 Oct 2025, 18:01","28 Oct 2025, 19:03","","Hanging Leg Raise",0,"",1,"normal",,7,,,
"Push","28 Oct 2025, 18:01","28 Oct 2025, 19:03","","Hanging Leg Raise",0,"",2,"normal",,7,,,
"Push","28 Oct 2025, 18:01","28 Oct 2025, 19:03","","Farmers Walk",,"Single arm suitcase",0,"normal",32,,0,,
"Push","28 Oct 2025, 18:01","28 Oct 2025, 19:03","","Farmers Walk",,"Single arm suitcase",1,"normal",32,,0,,
"Push","28 Oct 2025, 18:01","28 Oct 2025, 19:03","","Farmers Walk",,"Single arm suitcase",2,"normal",32,,0,,
"Pull","19 Oct 2025, 16:11","19 Oct 2025, 17:00","","Deadlift (Barbell)",,"",0,"warmup",60,5,,,
"Pull","19 Oct 2025, 16:11","19 Oct 2025, 17:00","","Deadlift (Barbell)",,"",1,"warmup",100,5,,,
"Pull","19 Oct 2025, 16:11","19 Oct 2025, 17:00","","Deadlift (Barbell)",,"",2,"normal",120,5,,,
"Pull","19 Oct 2025, 16:11","19 Oct 2025, 17:00","","Deadlift (Barbell)",,"",3,"normal",120,10,,,
"Pull","19 Oct 2025, 16:11","19 Oct 2025, 17:00","","Deadlift (Barbell)",,"",4,"normal",120,8,,,
"Pull","19 Oct 2025, 16:11","19 Oct 2025, 17:00","","Pull Up",,"",0,"normal",,3,,,
"Pull","19 Oct 2025, 16:11","19 Oct 2025, 17:00","","Pull Up",,"",1,"normal",,3,,,
"Pull","19 Oct 2025, 16:11","19 Oct 2025, 17:00","","Pull Up",,"",2,"normal",,4,,,
"Pull","19 Oct 2025, 16:11","19 Oct 2025, 17:00","","Bent Over Row (Barbell)",,"",0,"normal",80,7,,,
"Pull","19 Oct 2025, 16:11","19 Oct 2025, 17:00","","Bent Over Row (Barbell)",,"",1,"normal",80,6,,,
"Pull","19 Oct 2025, 16:11","19 Oct 2025, 17:00","","Bent Over Row (Barbell)",,"",2,"normal",80,9,,,
"Pull","19 Oct 2025, 16:11","19 Oct 2025, 17:00","","Seated Cable Row - V Grip (Cable)",,"",0,"normal",70,16,,,
"Pull","19 Oct 2025, 16:11","19 Oct 2025, 17:00","","Seated Cable Row - V Grip (Cable)",,"",1,"normal",70,15,,,
"Pull","19 Oct 2025, 16:11","19 Oct 2025, 17:00","","Face Pull",,"",0,"normal",10,12,,,
"Pull","19 Oct 2025, 16:11","19 Oct 2025, 17:00","","Face Pull",,"",1,"normal",10,15,,,
"Pull","19 Oct 2025, 16:11","19 Oct 2025, 17:00","","Face Pull",,"",2,"normal",10,12,,,
"Pull","19 Oct 2025, 16:11","19 Oct 2025, 17:00","","Straight Arm Lat Pulldown (Cable)",,"Feel more stretch!",0,"normal",32,9,,,
"Pull","19 Oct 2025, 16:11","19 Oct 2025, 17:00","","Straight Arm Lat Pulldown (Cable)",,"Feel more stretch!",1,"normal",32,10,,,
"Pull","19 Oct 2025, 16:11","19 Oct 2025, 17:00","","Straight Arm Lat Pulldown (Cable)",,"Feel more stretch!",2,"normal",32,10,,,
"Pull","19 Oct 2025, 16:11","19 Oct 2025, 17:00","","EZ Bar Biceps Curl",,"",0,"normal",34,8,,,
"Pull","19 Oct 2025, 16:11","19 Oct 2025, 17:00","","EZ Bar Biceps Curl",,"",1,"normal",36.5,7,,,
"Pull","19 Oct 2025, 16:11","19 Oct 2025, 17:00","","EZ Bar Biceps Curl",,"",2,"normal",36.5,4,,,
"Pull","19 Oct 2025, 16:11","19 Oct 2025, 17:00","","EZ Bar Biceps Curl",,"",3,"dropset",29,3,,,
"Pull","19 Oct 2025, 16:11","19 Oct 2025, 17:00","","Leg Raise Parallel Bars",,"",0,"normal",,10,,,
"Pull","19 Oct 2025, 16:11","19 Oct 2025, 17:00","","Leg Raise Parallel Bars",,"",1,"normal",,8,,,
"Pull","19 Oct 2025, 16:11","19 Oct 2025, 17:00","","Leg Raise Parallel Bars",,"",2,"normal",,8,,,
"Push","16 Oct 2025, 14:22","16 Oct 2025, 15:05","","Incline Bench Press (Barbell)",,"",0,"warmup",20,5,,,
"Push","16 Oct 2025, 14:22","16 Oct 2025, 15:05","","Incline Bench Press (Barbell)",,"",1,"warmup",50,5,,,
"Push","16 Oct 2025, 14:22","16 Oct 2025, 15:05","","Incline Bench Press (Barbell)",,"",2,"normal",60,5,,,
"Push","16 Oct 2025, 14:22","16 Oct 2025, 15:05","","Incline Bench Press (Barbell)",,"",3,"normal",60,5,,,
"Push","16 Oct 2025, 14:22","16 Oct 2025, 15:05","","Incline Bench Press (Barbell)",,"",4,"normal",60,6,,,
"Push","16 Oct 2025, 14:22","16 Oct 2025, 15:05","","Incline Bench Press (Barbell)",,"",5,"normal",60,6,,,
"Push","16 Oct 2025, 14:22","16 Oct 2025, 15:05","","Incline Bench Press (Barbell)",,"",6,"normal",50,4,,,
"Push","16 Oct 2025, 14:22","16 Oct 2025, 15:05","","Chest Dip",,"",0,"normal",,9,,,
"Push","16 Oct 2025, 14:22","16 Oct 2025, 15:05","","Chest Dip",,"",1,"normal",,10,,,
"Push","16 Oct 2025, 14:22","16 Oct 2025, 15:05","","Chest Dip",,"",2,"normal",,9,,,
"Push","16 Oct 2025, 14:22","16 Oct 2025, 15:05","","Chest Dip",,"",3,"normal",,8,,,
"Push","16 Oct 2025, 14:22","16 Oct 2025, 15:05","","Lateral Raise (Dumbbell)",,"",0,"normal",7,13,,,
"Push","16 Oct 2025, 14:22","16 Oct 2025, 15:05","","Lateral Raise (Dumbbell)",,"",1,"normal",7,10,,,
"Push","16 Oct 2025, 14:22","16 Oct 2025, 15:05","","Lateral Raise (Dumbbell)",,"",2,"normal",7,11,,,
"Push","16 Oct 2025, 14:22","16 Oct 2025, 15:05","","Overhead Press (Dumbbell)",,"",0,"normal",16,10,,,
"Push","16 Oct 2025, 14:22","16 Oct 2025, 15:05","","Overhead Press (Dumbbell)",,"",1,"normal",16,6,,,
"Push","16 Oct 2025, 14:22","16 Oct 2025, 15:05","","Overhead Press (Dumbbell)",,"",2,"normal",16,6,,,
"Push","16 Oct 2025, 14:22","16 Oct 2025, 15:05","","Triceps Extension (Cable)",0,"",0,"normal",21.25,13,,,
"Push","16 Oct 2025, 14:22","16 Oct 2025, 15:05","","Triceps Extension (Cable)",0,"",1,"normal",25,10,,,
"Push","16 Oct 2025, 14:22","16 Oct 2025, 15:05","","Triceps Extension (Cable)",0,"",2,"normal",25,12,,,
"Push","16 Oct 2025, 14:22","16 Oct 2025, 15:05","","Cable Crunch",0,"",0,"normal",36,12,,,
"Push","16 Oct 2025, 14:22","16 Oct 2025, 15:05","","Cable Crunch",0,"",1,"normal",36,12,,,
"Push","16 Oct 2025, 14:22","16 Oct 2025, 15:05","","Cable Crunch",0,"",2,"normal",36,8,,,
"Legs","15 Oct 2025, 13:56","15 Oct 2025, 14:35","","Romanian Deadlift (Barbell)",,"",0,"warmup",60,5,,,
"Legs","15 Oct 2025, 13:56","15 Oct 2025, 14:35","","Romanian Deadlift (Barbell)",,"",1,"normal",90,11,,,
"Legs","15 Oct 2025, 13:56","15 Oct 2025, 14:35","","Romanian Deadlift (Barbell)",,"",2,"normal",90,8,,,
"Legs","15 Oct 2025, 13:56","15 Oct 2025, 14:35","","Romanian Deadlift (Barbell)",,"",3,"normal",90,8,,,
"Legs","15 Oct 2025, 13:56","15 Oct 2025, 14:35","","Squat (Barbell)",,"",0,"warmup",60,5,,,
"Legs","15 Oct 2025, 13:56","15 Oct 2025, 14:35","","Squat (Barbell)",,"",1,"warmup",90,5,,,
"Legs","15 Oct 2025, 13:56","15 Oct 2025, 14:35","","Squat (Barbell)",,"",2,"normal",110,8,,,
"Legs","15 Oct 2025, 13:56","15 Oct 2025, 14:35","","Squat (Barbell)",,"",3,"normal",110,6,,,
"Legs","15 Oct 2025, 13:56","15 Oct 2025, 14:35","","Squat (Barbell)",,"",4,"normal",110,7,,,
"Legs","15 Oct 2025, 13:56","15 Oct 2025, 14:35","","Leg Extension (Machine)",,"",0,"normal",78,14,,,
"Legs","15 Oct 2025, 13:56","15 Oct 2025, 14:35","","Leg Extension (Machine)",,"",1,"normal",78,15,,,
"Legs","15 Oct 2025, 13:56","15 Oct 2025, 14:35","","Leg Extension (Machine)",,"",2,"normal",78,12,,,
"Legs","15 Oct 2025, 13:56","15 Oct 2025, 14:35","","Seated Leg Curl (Machine)",,"",0,"normal",78,17,,,
"Legs","15 Oct 2025, 13:56","15 Oct 2025, 14:35","","Seated Leg Curl (Machine)",,"",1,"normal",72,12,,,
"Legs","15 Oct 2025, 13:56","15 Oct 2025, 14:35","","Seated Leg Curl (Machine)",,"",2,"normal",72,8,,,
"Legs","15 Oct 2025, 13:56","15 Oct 2025, 14:35","","Hip Abduction (Machine)",,"",0,"normal",72,15,,,
"Legs","15 Oct 2025, 13:56","15 Oct 2025, 14:35","","Hip Abduction (Machine)",,"",1,"normal",72,15,,,
"Legs","15 Oct 2025, 13:56","15 Oct 2025, 14:35","","Hip Adduction (Machine)",,"",0,"normal",33.75,15,,,
"Legs","15 Oct 2025, 13:56","15 Oct 2025, 14:35","","Hip Adduction (Machine)",,"",1,"normal",33.75,15,,,
"Legs","15 Oct 2025, 13:56","15 Oct 2025, 14:35","","Calf Extension (Machine)",,"",0,"normal",120,13,,,
"Legs","15 Oct 2025, 13:56","15 Oct 2025, 14:35","","Calf Extension (Machine)",,"",1,"normal",113.75,11,,,
"Legs","15 Oct 2025, 13:56","15 Oct 2025, 14:35","","Calf Extension (Machine)",,"",2,"normal",113.75,12,,,
"Pull","11 Oct 2025, 11:01","11 Oct 2025, 12:00","","Deadlift (Barbell)",,"",0,"warmup",60,5,,,
"Pull","11 Oct 2025, 11:01","11 Oct 2025, 12:00","","Deadlift (Barbell)",,"",1,"warmup",100,5,,,
"Pull","11 Oct 2025, 11:01","11 Oct 2025, 12:00","","Deadlift (Barbell)",,"",2,"normal",140,4,,,
"Pull","11 Oct 2025, 11:01","11 Oct 2025, 12:00","","Deadlift (Barbell)",,"",3,"normal",150,4,,,
"Pull","11 Oct 2025, 11:01","11 Oct 2025, 12:00","","Deadlift (Barbell)",,"",4,"normal",160,3,,,
"Pull","11 Oct 2025, 11:01","11 Oct 2025, 12:00","","Bent Over Row (Barbell)",,"",0,"normal",80,8,,,
"Pull","11 Oct 2025, 11:01","11 Oct 2025, 12:00","","Bent Over Row (Barbell)",,"",1,"normal",90,6,,,
"Pull","11 Oct 2025, 11:01","11 Oct 2025, 12:00","","Bent Over Row (Barbell)",,"",2,"normal",95,6,,,
"Pull","11 Oct 2025, 11:01","11 Oct 2025, 12:00","","Pull Up",,"Chest first! Scap retraction",0,"normal",,8,,,
"Pull","11 Oct 2025, 11:01","11 Oct 2025, 12:00","","Pull Up",,"Chest first! Scap retraction",1,"normal",,6,,,
"Pull","11 Oct 2025, 11:01","11 Oct 2025, 12:00","","Pull Up",,"Chest first! Scap retraction",2,"normal",,6,,,
"Pull","11 Oct 2025, 11:01","11 Oct 2025, 12:00","","Seated Cable Row - V Grip (Cable)",,"",0,"normal",60,16,,,
"Pull","11 Oct 2025, 11:01","11 Oct 2025, 12:00","","Seated Cable Row - V Grip (Cable)",,"",1,"normal",60,15,,,
"Pull","11 Oct 2025, 11:01","11 Oct 2025, 12:00","","Seated Cable Row - V Grip (Cable)",,"",2,"normal",60,12,,,
"Pull","11 Oct 2025, 11:01","11 Oct 2025, 12:00","","Rear Delt Reverse Fly (Machine)",,"Pull from elbows palms clap facing",0,"normal",20,19,,,
"Pull","11 Oct 2025, 11:01","11 Oct 2025, 12:00","","Rear Delt Reverse Fly (Machine)",,"Pull from elbows palms clap facing",1,"normal",23,20,,,
"Pull","11 Oct 2025, 11:01","11 Oct 2025, 12:00","","Rear Delt Reverse Fly (Machine)",,"Pull from elbows palms clap facing",2,"normal",23,20,,,
"Pull","11 Oct 2025, 11:01","11 Oct 2025, 12:00","","Rear Delt Reverse Fly (Machine)",,"Pull from elbows palms clap facing",3,"normal",27,15,,,
"Pull","11 Oct 2025, 11:01","11 Oct 2025, 12:00","","Straight Arm Lat Pulldown (Cable)",,"",0,"normal",32,12,,,
"Pull","11 Oct 2025, 11:01","11 Oct 2025, 12:00","","Straight Arm Lat Pulldown (Cable)",,"",1,"normal",32,11,,,
"Pull","11 Oct 2025, 11:01","11 Oct 2025, 12:00","","Straight Arm Lat Pulldown (Cable)",,"",2,"normal",32,14,,,
"Pull","11 Oct 2025, 11:01","11 Oct 2025, 12:00","","EZ Bar Biceps Curl",,"",0,"normal",29,12,,,
"Pull","11 Oct 2025, 11:01","11 Oct 2025, 12:00","","EZ Bar Biceps Curl",,"",1,"normal",34,12,,,
"Pull","11 Oct 2025, 11:01","11 Oct 2025, 12:00","","EZ Bar Biceps Curl",,"",2,"normal",34,7,,,
"Pull","11 Oct 2025, 11:01","11 Oct 2025, 12:00","","Seated Incline Curl (Dumbbell)",,"",0,"normal",12.5,11,,,
"Pull","11 Oct 2025, 11:01","11 Oct 2025, 12:00","","Seated Incline Curl (Dumbbell)",,"",1,"normal",15,6,,,
"Pull","11 Oct 2025, 11:01","11 Oct 2025, 12:00","","Seated Incline Curl (Dumbbell)",,"",2,"normal",15,5,,,
"Push","9 Oct 2025, 17:59","9 Oct 2025, 18:34","","Bench Press (Dumbbell)",,"",0,"normal",15,18,,,
"Push","9 Oct 2025, 17:59","9 Oct 2025, 18:34","","Bench Press (Dumbbell)",,"",1,"normal",15,15,,,
"Push","9 Oct 2025, 17:59","9 Oct 2025, 18:34","","Bench Press (Dumbbell)",,"",2,"normal",15,14,,,
"Push","9 Oct 2025, 17:59","9 Oct 2025, 18:34","","Chest Dip",,"Using machine to take off weight",0,"normal",,8,,,
"Push","9 Oct 2025, 17:59","9 Oct 2025, 18:34","","Chest Dip",,"Using machine to take off weight",1,"normal",,8,,,
"Push","9 Oct 2025, 17:59","9 Oct 2025, 18:34","","Chest Dip",,"Using machine to take off weight",2,"normal",,7,,,
"Push","9 Oct 2025, 17:59","9 Oct 2025, 18:34","","Overhead Press (Dumbbell)",,"",0,"normal",10,14,,,
"Push","9 Oct 2025, 17:59","9 Oct 2025, 18:34","","Overhead Press (Dumbbell)",,"",1,"normal",8,15,,,
"Push","9 Oct 2025, 17:59","9 Oct 2025, 18:34","","Overhead Press (Dumbbell)",,"",2,"normal",8,9,,,
"Push","9 Oct 2025, 17:59","9 Oct 2025, 18:34","","Butterfly (Pec Deck)",,"",0,"normal",42.5,19,,,
"Push","9 Oct 2025, 17:59","9 Oct 2025, 18:34","","Butterfly (Pec Deck)",,"",1,"normal",42.5,17,,,
"Push","9 Oct 2025, 17:59","9 Oct 2025, 18:34","","Butterfly (Pec Deck)",,"",2,"normal",42.5,12,,,
"Push","9 Oct 2025, 17:59","9 Oct 2025, 18:34","","Triceps Extension (Cable)",0,"",0,"normal",21.25,15,,,
"Push","9 Oct 2025, 17:59","9 Oct 2025, 18:34","","Triceps Extension (Cable)",0,"",1,"normal",25,12,,,
"Push","9 Oct 2025, 17:59","9 Oct 2025, 18:34","","Triceps Extension (Cable)",0,"",2,"normal",25,12,,,
"Push","9 Oct 2025, 17:59","9 Oct 2025, 18:34","","Cable Crunch",0,"",0,"normal",32.5,15,,,
"Push","9 Oct 2025, 17:59","9 Oct 2025, 18:34","","Cable Crunch",0,"",1,"normal",32.5,12,,,
"Push","9 Oct 2025, 17:59","9 Oct 2025, 18:34","","Cable Crunch",0,"",2,"normal",32.5,8,,,
"Push","9 Oct 2025, 17:59","9 Oct 2025, 18:34","","Face Pull",,"",0,"normal",12,11,,,
"Push","9 Oct 2025, 17:59","9 Oct 2025, 18:34","","Face Pull",,"",1,"normal",10,12,,,
"Push","9 Oct 2025, 17:59","9 Oct 2025, 18:34","","Face Pull",,"",2,"normal",10,12,,,
"Push","9 Oct 2025, 17:59","9 Oct 2025, 18:34","","Hanging Leg Raise",,"",0,"normal",,8,,,
"Push","9 Oct 2025, 17:59","9 Oct 2025, 18:34","","Hanging Leg Raise",,"",1,"normal",,8,,,
"Push","9 Oct 2025, 17:59","9 Oct 2025, 18:34","","Hanging Leg Raise",,"",2,"normal",,8,,,
"Legs","8 Oct 2025, 13:16","8 Oct 2025, 14:08","","Romanian Deadlift (Barbell)",,"",0,"warmup",60,10,,,
"Legs","8 Oct 2025, 13:16","8 Oct 2025, 14:08","","Romanian Deadlift (Barbell)",,"",1,"normal",90,8,,,
"Legs","8 Oct 2025, 13:16","8 Oct 2025, 14:08","","Romanian Deadlift (Barbell)",,"",2,"normal",90,10,,,
"Legs","8 Oct 2025, 13:16","8 Oct 2025, 14:08","","Romanian Deadlift (Barbell)",,"",3,"normal",90,10,,,
"Legs","8 Oct 2025, 13:16","8 Oct 2025, 14:08","","Squat (Barbell)",,"No belt",0,"warmup",60,5,,,
"Legs","8 Oct 2025, 13:16","8 Oct 2025, 14:08","","Squat (Barbell)",,"No belt",1,"warmup",90,5,,,
"Legs","8 Oct 2025, 13:16","8 Oct 2025, 14:08","","Squat (Barbell)",,"No belt",2,"normal",120,8,,,
"Legs","8 Oct 2025, 13:16","8 Oct 2025, 14:08","","Squat (Barbell)",,"No belt",3,"normal",120,6,,,
"Legs","8 Oct 2025, 13:16","8 Oct 2025, 14:08","","Squat (Barbell)",,"No belt",4,"normal",120,6,,,
"Legs","8 Oct 2025, 13:16","8 Oct 2025, 14:08","","Leg Extension (Machine)",,"",0,"normal",75,10,,,
"Legs","8 Oct 2025, 13:16","8 Oct 2025, 14:08","","Leg Extension (Machine)",,"",1,"normal",98.75,12,,,
"Legs","8 Oct 2025, 13:16","8 Oct 2025, 14:08","","Leg Extension (Machine)",,"",2,"normal",95,10,,,
"Legs","8 Oct 2025, 13:16","8 Oct 2025, 14:08","","Leg Extension (Machine)",,"",3,"normal",87.5,10,,,
"Legs","8 Oct 2025, 13:16","8 Oct 2025, 14:08","","Seated Leg Curl (Machine)",,"",0,"normal",72,13,,,
"Legs","8 Oct 2025, 13:16","8 Oct 2025, 14:08","","Seated Leg Curl (Machine)",,"",1,"normal",72,8,,,
"Legs","8 Oct 2025, 13:16","8 Oct 2025, 14:08","","Hip Abduction (Machine)",,"",0,"normal",72,20,,,
"Legs","8 Oct 2025, 13:16","8 Oct 2025, 14:08","","Hip Abduction (Machine)",,"",1,"normal",72,18,,,
"Legs","8 Oct 2025, 13:16","8 Oct 2025, 14:08","","Hip Adduction (Machine)",,"",0,"normal",33.75,20,,,
"Legs","8 Oct 2025, 13:16","8 Oct 2025, 14:08","","Hip Adduction (Machine)",,"",1,"normal",33.75,18,,,
"Legs","8 Oct 2025, 13:16","8 Oct 2025, 14:08","","Seated Calf Raise",1,"",0,"normal",35,13,,,
"Legs","8 Oct 2025, 13:16","8 Oct 2025, 14:08","","Seated Calf Raise",1,"",1,"normal",35,12,,,
"Legs","8 Oct 2025, 13:16","8 Oct 2025, 14:08","","Seated Calf Raise",1,"",2,"normal",35,15,,,
"Legs","8 Oct 2025, 13:16","8 Oct 2025, 14:08","","Bulgarian Split Squat",1,"",0,"normal",14,8,,,
"Legs","8 Oct 2025, 13:16","8 Oct 2025, 14:08","","Bulgarian Split Squat",1,"",1,"normal",14,8,,,
"Swim","6 Oct 2025, 11:00","6 Oct 2025, 11:30","","Swimming",,"",0,"normal",,,,1800,
"Pull","4 Oct 2025, 14:47","4 Oct 2025, 15:35","","Deadlift (Barbell)",,"Beltless",0,"warmup",60,5,,,
"Pull","4 Oct 2025, 14:47","4 Oct 2025, 15:35","","Deadlift (Barbell)",,"Beltless",1,"warmup",100,6,,,
"Pull","4 Oct 2025, 14:47","4 Oct 2025, 15:35","","Deadlift (Barbell)",,"Beltless",2,"normal",130,7,,,
"Pull","4 Oct 2025, 14:47","4 Oct 2025, 15:35","","Deadlift (Barbell)",,"Beltless",3,"normal",130,10,,,
"Pull","4 Oct 2025, 14:47","4 Oct 2025, 15:35","","Deadlift (Barbell)",,"Beltless",4,"normal",130,5,,,
"Pull","4 Oct 2025, 14:47","4 Oct 2025, 15:35","","Bent Over Row (Barbell)",,"",0,"normal",60,10,,,
"Pull","4 Oct 2025, 14:47","4 Oct 2025, 15:35","","Bent Over Row (Barbell)",,"",1,"normal",70,9,,,
"Pull","4 Oct 2025, 14:47","4 Oct 2025, 15:35","","Bent Over Row (Barbell)",,"",2,"normal",80,6,,,
"Pull","4 Oct 2025, 14:47","4 Oct 2025, 15:35","","Pull Up",,"",0,"normal",,5,,,
"Pull","4 Oct 2025, 14:47","4 Oct 2025, 15:35","","Pull Up",,"",1,"normal",,6,,,
"Pull","4 Oct 2025, 14:47","4 Oct 2025, 15:35","","Pull Up",,"",2,"normal",,3,,,
"Pull","4 Oct 2025, 14:47","4 Oct 2025, 15:35","","Seated Cable Row - V Grip (Cable)",,"Jordan grip",0,"normal",60,15,,,
"Pull","4 Oct 2025, 14:47","4 Oct 2025, 15:35","","Seated Cable Row - V Grip (Cable)",,"Jordan grip",1,"normal",60,15,,,
"Pull","4 Oct 2025, 14:47","4 Oct 2025, 15:35","","Seated Cable Row - V Grip (Cable)",,"Jordan grip",2,"normal",60,8,,,
"Pull","4 Oct 2025, 14:47","4 Oct 2025, 15:35","","Rear Delt Reverse Fly (Cable)",,"",0,"normal",6.25,12,,,
"Pull","4 Oct 2025, 14:47","4 Oct 2025, 15:35","","Rear Delt Reverse Fly (Cable)",,"",1,"normal",6.25,12,,,
"Pull","4 Oct 2025, 14:47","4 Oct 2025, 15:35","","Rear Delt Reverse Fly (Cable)",,"",2,"normal",6.25,12,,,
"Pull","4 Oct 2025, 14:47","4 Oct 2025, 15:35","","EZ Bar Biceps Curl",,"",0,"normal",29,9,,,
"Pull","4 Oct 2025, 14:47","4 Oct 2025, 15:35","","EZ Bar Biceps Curl",,"",1,"normal",29,8,,,
"Pull","4 Oct 2025, 14:47","4 Oct 2025, 15:35","","EZ Bar Biceps Curl",,"",2,"normal",29,6,,,
"Pull","4 Oct 2025, 14:47","4 Oct 2025, 15:35","","Seated Incline Curl (Dumbbell)",,"",0,"normal",12.5,9,,,
"Pull","4 Oct 2025, 14:47","4 Oct 2025, 15:35","","Seated Incline Curl (Dumbbell)",,"",1,"normal",15,8,,,
"Pull","4 Oct 2025, 14:47","4 Oct 2025, 15:35","","Seated Incline Curl (Dumbbell)",,"",2,"normal",17.5,6,,,
"Push","2 Oct 2025, 17:21","2 Oct 2025, 17:59","","Incline Bench Press (Barbell)",,"",0,"warmup",20,5,,,
"Push","2 Oct 2025, 17:21","2 Oct 2025, 17:59","","Incline Bench Press (Barbell)",,"",1,"warmup",40,5,,,
"Push","2 Oct 2025, 17:21","2 Oct 2025, 17:59","","Incline Bench Press (Barbell)",,"",2,"warmup",40,5,,,
"Push","2 Oct 2025, 17:21","2 Oct 2025, 17:59","","Incline Bench Press (Barbell)",,"",3,"normal",60,8,,,
"Push","2 Oct 2025, 17:21","2 Oct 2025, 17:59","","Incline Bench Press (Barbell)",,"",4,"normal",60,9,,,
"Push","2 Oct 2025, 17:21","2 Oct 2025, 17:59","","Incline Bench Press (Barbell)",,"",5,"normal",60,8,,,
"Push","2 Oct 2025, 17:21","2 Oct 2025, 17:59","","Chest Dip",,"",0,"normal",,7,,,
"Push","2 Oct 2025, 17:21","2 Oct 2025, 17:59","","Chest Dip",,"",1,"normal",,8,,,
"Push","2 Oct 2025, 17:21","2 Oct 2025, 17:59","","Chest Dip",,"",2,"normal",,7,,,
"Push","2 Oct 2025, 17:21","2 Oct 2025, 17:59","","Kettlebell Shoulder Press",,"",0,"normal",8,8,,,
"Push","2 Oct 2025, 17:21","2 Oct 2025, 17:59","","Kettlebell Shoulder Press",,"",1,"normal",8,8,,,
"Push","2 Oct 2025, 17:21","2 Oct 2025, 17:59","","Kettlebell Shoulder Press",,"",2,"normal",8,8,,,
"Push","2 Oct 2025, 17:21","2 Oct 2025, 17:59","","Chest Fly (Dumbbell)",,"",0,"normal",5,15,,,
"Push","2 Oct 2025, 17:21","2 Oct 2025, 17:59","","Chest Fly (Dumbbell)",,"",1,"normal",5,15,,,
"Push","2 Oct 2025, 17:21","2 Oct 2025, 17:59","","Chest Fly (Dumbbell)",,"",2,"normal",7,13,,,
"Push","2 Oct 2025, 17:21","2 Oct 2025, 17:59","","Triceps Extension (Cable)",0,"",0,"normal",21.25,16,,,
"Push","2 Oct 2025, 17:21","2 Oct 2025, 17:59","","Triceps Extension (Cable)",0,"",1,"normal",23.75,15,,,
"Push","2 Oct 2025, 17:21","2 Oct 2025, 17:59","","Triceps Extension (Cable)",0,"",2,"normal",26.25,12,,,
"Push","2 Oct 2025, 17:21","2 Oct 2025, 17:59","","Triceps Extension (Cable)",0,"",3,"normal",26.25,10,,,
"Push","2 Oct 2025, 17:21","2 Oct 2025, 17:59","","Triceps Kickback (Dumbbell)",,"",0,"normal",5,15,,,
"Push","2 Oct 2025, 17:21","2 Oct 2025, 17:59","","Triceps Kickback (Dumbbell)",,"",1,"normal",7,15,,,
"Push","2 Oct 2025, 17:21","2 Oct 2025, 17:59","","Triceps Kickback (Dumbbell)",,"",2,"normal",7,15,,,
"Push","2 Oct 2025, 17:21","2 Oct 2025, 17:59","","Cable Crunch",0,"",0,"normal",34,18,,,
"Push","2 Oct 2025, 17:21","2 Oct 2025, 17:59","","Cable Crunch",0,"",1,"normal",41.25,8,,,
"Push","2 Oct 2025, 17:21","2 Oct 2025, 17:59","","Cable Crunch",0,"",2,"normal",41.25,8,,,
"Push","2 Oct 2025, 17:21","2 Oct 2025, 17:59","","Hanging Leg Raise",,"",0,"normal",,11,,,
"Push","2 Oct 2025, 17:21","2 Oct 2025, 17:59","","Hanging Leg Raise",,"",1,"normal",,12,,,
"Push","2 Oct 2025, 17:21","2 Oct 2025, 17:59","","Hanging Leg Raise",,"",2,"normal",,9,,,
"Legs","30 Sep 2025, 08:27","30 Sep 2025, 09:06","","Romanian Deadlift (Barbell)",,"",0,"warmup",51,8,,,
"Legs","30 Sep 2025, 08:27","30 Sep 2025, 09:06","","Romanian Deadlift (Barbell)",,"",1,"normal",91,8,,,
"Legs","30 Sep 2025, 08:27","30 Sep 2025, 09:06","","Romanian Deadlift (Barbell)",,"",2,"normal",91,8,,,
"Legs","30 Sep 2025, 08:27","30 Sep 2025, 09:06","","Romanian Deadlift (Barbell)",,"",3,"normal",91,9,,,
"Legs","30 Sep 2025, 08:27","30 Sep 2025, 09:06","","Squat (Barbell)",,"",0,"normal",91,5,,,
"Legs","30 Sep 2025, 08:27","30 Sep 2025, 09:06","","Squat (Barbell)",,"",1,"normal",91,8,,,
"Legs","30 Sep 2025, 08:27","30 Sep 2025, 09:06","","Squat (Barbell)",,"",2,"normal",91,9,,,
"Legs","30 Sep 2025, 08:27","30 Sep 2025, 09:06","","Leg Extension (Machine)",,"",0,"normal",52,18,,,
"Legs","30 Sep 2025, 08:27","30 Sep 2025, 09:06","","Leg Extension (Machine)",,"",1,"normal",55,19,,,
"Legs","30 Sep 2025, 08:27","30 Sep 2025, 09:06","","Leg Extension (Machine)",,"",2,"normal",55,12,,,
"Legs","30 Sep 2025, 08:27","30 Sep 2025, 09:06","","Seated Leg Curl (Machine)",,"",0,"normal",70,15,,,
"Legs","30 Sep 2025, 08:27","30 Sep 2025, 09:06","","Seated Leg Curl (Machine)",,"",1,"normal",70,14,,,
"Legs","30 Sep 2025, 08:27","30 Sep 2025, 09:06","","Seated Calf Raise",1,"",0,"normal",30,15,,,
"Legs","30 Sep 2025, 08:27","30 Sep 2025, 09:06","","Seated Calf Raise",1,"",1,"normal",30,8,,,
"Legs","30 Sep 2025, 08:27","30 Sep 2025, 09:06","","Seated Calf Raise",1,"",2,"normal",30,8,,,
"Legs","30 Sep 2025, 08:27","30 Sep 2025, 09:06","","Bulgarian Split Squat",1,"",0,"normal",10,8,,,
"Legs","30 Sep 2025, 08:27","30 Sep 2025, 09:06","","Bulgarian Split Squat",1,"",1,"normal",10,8,,,
"Legs","30 Sep 2025, 08:27","30 Sep 2025, 09:06","","Bulgarian Split Squat",1,"",2,"normal",15,7,,,
"Pull","27 Sep 2025, 18:43","27 Sep 2025, 19:04","","Deadlift (Barbell)",,"",0,"warmup",60,5,,,
"Pull","27 Sep 2025, 18:43","27 Sep 2025, 19:04","","Deadlift (Barbell)",,"",1,"warmup",100,5,,,
"Pull","27 Sep 2025, 18:43","27 Sep 2025, 19:04","","Deadlift (Barbell)",,"",2,"normal",140,4,,,
"Pull","27 Sep 2025, 18:43","27 Sep 2025, 19:04","","Deadlift (Barbell)",,"",3,"normal",150,7,,,
"Pull","27 Sep 2025, 18:43","27 Sep 2025, 19:04","","Pull Up",,"",0,"normal",,9,,,
"Pull","27 Sep 2025, 18:43","27 Sep 2025, 19:04","","Pull Up",,"",1,"normal",,6,,,
"Pull","27 Sep 2025, 18:43","27 Sep 2025, 19:04","","Pull Up",,"",2,"normal",,5,,,
"Pull","27 Sep 2025, 18:43","27 Sep 2025, 19:04","","Iso-Lateral Row (Machine)",,"",0,"normal",80,8,,,
"Pull","27 Sep 2025, 18:43","27 Sep 2025, 19:04","","Iso-Lateral Row (Machine)",,"",1,"normal",80,9,,,
"Pull","27 Sep 2025, 18:43","27 Sep 2025, 19:04","","Iso-Lateral Row (Machine)",,"",2,"normal",80,5,,,
"Pull","27 Sep 2025, 18:43","27 Sep 2025, 19:04","","Leg Raise Parallel Bars",,"",0,"normal",,12,,,
"Pull","27 Sep 2025, 18:43","27 Sep 2025, 19:04","","Leg Raise Parallel Bars",,"",1,"normal",,12,,,
"Pull","27 Sep 2025, 18:43","27 Sep 2025, 19:04","","Dead Hang",,"",0,"normal",,,,20,
"Push","22 Sep 2025, 11:56","22 Sep 2025, 12:51","","Incline Bench Press (Barbell)",,"",0,"warmup",20,8,,,
"Push","22 Sep 2025, 11:56","22 Sep 2025, 12:51","","Incline Bench Press (Barbell)",,"",1,"warmup",40,7,,,
"Push","22 Sep 2025, 11:56","22 Sep 2025, 12:51","","Incline Bench Press (Barbell)",,"",2,"normal",65,10,,,
"Push","22 Sep 2025, 11:56","22 Sep 2025, 12:51","","Incline Bench Press (Barbell)",,"",3,"normal",67.5,10,,,
"Push","22 Sep 2025, 11:56","22 Sep 2025, 12:51","","Incline Bench Press (Barbell)",,"",4,"normal",70,7,,,
"Push","22 Sep 2025, 11:56","22 Sep 2025, 12:51","","Chest Dip",,"Wide handles, downstairs, facing outwards",0,"normal",,8,,,
"Push","22 Sep 2025, 11:56","22 Sep 2025, 12:51","","Chest Dip",,"Wide handles, downstairs, facing outwards",1,"normal",,8,,,
"Push","22 Sep 2025, 11:56","22 Sep 2025, 12:51","","Chest Dip",,"Wide handles, downstairs, facing outwards",2,"normal",,5,,,
"Push","22 Sep 2025, 11:56","22 Sep 2025, 12:51","","Shoulder Press (Machine Plates)",,"",0,"normal",20,10,,,
"Push","22 Sep 2025, 11:56","22 Sep 2025, 12:51","","Shoulder Press (Machine Plates)",,"",1,"normal",20,8,,,
"Push","22 Sep 2025, 11:56","22 Sep 2025, 12:51","","Shoulder Press (Machine Plates)",,"",2,"normal",20,8,,,
"Push","22 Sep 2025, 11:56","22 Sep 2025, 12:51","","Butterfly (Pec Deck)",,"",0,"normal",46.25,15,,,
"Push","22 Sep 2025, 11:56","22 Sep 2025, 12:51","","Butterfly (Pec Deck)",,"",1,"normal",53.75,15,,,
"Push","22 Sep 2025, 11:56","22 Sep 2025, 12:51","","Butterfly (Pec Deck)",,"",2,"normal",53.75,12,,,
"Push","22 Sep 2025, 11:56","22 Sep 2025, 12:51","","Lateral Raise (Cable)",,"",0,"normal",7.5,12,,,
"Push","22 Sep 2025, 11:56","22 Sep 2025, 12:51","","Lateral Raise (Cable)",,"",1,"normal",7.5,13,,,
"Push","22 Sep 2025, 11:56","22 Sep 2025, 12:51","","Lateral Raise (Cable)",,"",2,"normal",7.5,11,,,
"Push","22 Sep 2025, 11:56","22 Sep 2025, 12:51","","Triceps Extension (Cable)",0,"",0,"normal",21.25,14,,,
"Push","22 Sep 2025, 11:56","22 Sep 2025, 12:51","","Triceps Extension (Cable)",0,"",1,"normal",21.25,6,,,
"Push","22 Sep 2025, 11:56","22 Sep 2025, 12:51","","Triceps Extension (Cable)",0,"",2,"normal",17.25,6,,,
"Push","22 Sep 2025, 11:56","22 Sep 2025, 12:51","","Triceps Extension (Cable)",0,"",3,"normal",12,1,,,
"Push","22 Sep 2025, 11:56","22 Sep 2025, 12:51","","Triceps Kickback (Dumbbell)",,"",0,"normal",6,14,,,
"Push","22 Sep 2025, 11:56","22 Sep 2025, 12:51","","Triceps Kickback (Dumbbell)",,"",1,"normal",6,14,,,
"Push","22 Sep 2025, 11:56","22 Sep 2025, 12:51","","Triceps Kickback (Dumbbell)",,"",2,"normal",6,14,,,
"Push","22 Sep 2025, 11:56","22 Sep 2025, 12:51","","Cable Crunch",0,"",0,"normal",32.5,15,,,
"Push","22 Sep 2025, 11:56","22 Sep 2025, 12:51","","Cable Crunch",0,"",1,"normal",32.5,16,,,
"Push","22 Sep 2025, 11:56","22 Sep 2025, 12:51","","Cable Crunch",0,"",2,"normal",40,10,,,
"Legs","21 Sep 2025, 11:40","21 Sep 2025, 12:38","","Romanian Deadlift (Barbell)",,"",0,"warmup",65,9,,,
"Legs","21 Sep 2025, 11:40","21 Sep 2025, 12:38","","Romanian Deadlift (Barbell)",,"",1,"normal",85,9,,,
"Legs","21 Sep 2025, 11:40","21 Sep 2025, 12:38","","Romanian Deadlift (Barbell)",,"",2,"normal",85,9,,,
"Legs","21 Sep 2025, 11:40","21 Sep 2025, 12:38","","Romanian Deadlift (Barbell)",,"",3,"normal",85,9,,,
"Legs","21 Sep 2025, 11:40","21 Sep 2025, 12:38","","Squat (Barbell)",,"",0,"warmup",60,6,,,
"Legs","21 Sep 2025, 11:40","21 Sep 2025, 12:38","","Squat (Barbell)",,"",1,"warmup",90,6,,,
"Legs","21 Sep 2025, 11:40","21 Sep 2025, 12:38","","Squat (Barbell)",,"",2,"normal",120,7,,,
"Legs","21 Sep 2025, 11:40","21 Sep 2025, 12:38","","Squat (Barbell)",,"",3,"normal",120,8,,,
"Legs","21 Sep 2025, 11:40","21 Sep 2025, 12:38","","Squat (Barbell)",,"",4,"normal",120,8,,,
"Legs","21 Sep 2025, 11:40","21 Sep 2025, 12:38","","Leg Extension (Machine)",,"7 on the back pad",0,"normal",63,16,,,
"Legs","21 Sep 2025, 11:40","21 Sep 2025, 12:38","","Leg Extension (Machine)",,"7 on the back pad",1,"normal",63,13,,,
"Legs","21 Sep 2025, 11:40","21 Sep 2025, 12:38","","Leg Extension (Machine)",,"7 on the back pad",2,"normal",63,13,,,
"Legs","21 Sep 2025, 11:40","21 Sep 2025, 12:38","","Seated Leg Curl (Machine)",,"",0,"normal",75,15,,,
"Legs","21 Sep 2025, 11:40","21 Sep 2025, 12:38","","Seated Leg Curl (Machine)",,"",1,"normal",85,10,,,
"Legs","21 Sep 2025, 11:40","21 Sep 2025, 12:38","","Hip Abduction (Machine)",,"Leaning forwards makes this way harder",0,"normal",72,20,,,
"Legs","21 Sep 2025, 11:40","21 Sep 2025, 12:38","","Hip Abduction (Machine)",,"Leaning forwards makes this way harder",1,"normal",72,15,,,
"Legs","21 Sep 2025, 11:40","21 Sep 2025, 12:38","","Hip Adduction (Machine)",,"",0,"normal",33.75,15,,,
"Legs","21 Sep 2025, 11:40","21 Sep 2025, 12:38","","Hip Adduction (Machine)",,"",1,"normal",33.75,12,,,
"Legs","21 Sep 2025, 11:40","21 Sep 2025, 12:38","","Seated Calf Raise",1,"",0,"normal",35,12,,,
"Legs","21 Sep 2025, 11:40","21 Sep 2025, 12:38","","Seated Calf Raise",1,"",1,"normal",35,14,,,
"Legs","21 Sep 2025, 11:40","21 Sep 2025, 12:38","","Seated Calf Raise",1,"",2,"normal",35,13,,,
"Legs","21 Sep 2025, 11:40","21 Sep 2025, 12:38","","Seated Calf Raise",1,"",3,"normal",35,12,,,
"Legs","21 Sep 2025, 11:40","21 Sep 2025, 12:38","","Bulgarian Split Squat",1,"",0,"normal",12.5,8,,,
"Legs","21 Sep 2025, 11:40","21 Sep 2025, 12:38","","Bulgarian Split Squat",1,"",1,"normal",15,5,,,
"Legs","21 Sep 2025, 11:40","21 Sep 2025, 12:38","","Bulgarian Split Squat",1,"",2,"normal",15,7,,,
"Pull","16 Sep 2025, 07:49","16 Sep 2025, 09:40","","Deadlift (Barbell)",,"",0,"warmup",60,5,,,
"Pull","16 Sep 2025, 07:49","16 Sep 2025, 09:40","","Deadlift (Barbell)",,"",1,"warmup",100,5,,,
"Pull","16 Sep 2025, 07:49","16 Sep 2025, 09:40","","Deadlift (Barbell)",,"",2,"normal",140,4,,,
"Pull","16 Sep 2025, 07:49","16 Sep 2025, 09:40","","Deadlift (Barbell)",,"",3,"normal",140,3,,,
"Pull","16 Sep 2025, 07:49","16 Sep 2025, 09:40","","Deadlift (Barbell)",,"",4,"normal",140,4,,,
"Pull","16 Sep 2025, 07:49","16 Sep 2025, 09:40","","Pull Up",,"",0,"normal",,6,,,
"Pull","16 Sep 2025, 07:49","16 Sep 2025, 09:40","","Pull Up",,"",1,"normal",,5,,,
"Pull","16 Sep 2025, 07:49","16 Sep 2025, 09:40","","Seated Cable Row - V Grip (Cable)",,"",0,"normal",60,19,,,
"Pull","16 Sep 2025, 07:49","16 Sep 2025, 09:40","","Seated Cable Row - V Grip (Cable)",,"",1,"normal",60,16,,,
"Pull","16 Sep 2025, 07:49","16 Sep 2025, 09:40","","Iso-Lateral Row (Machine)",,"",0,"normal",110,9,,,
"Pull","16 Sep 2025, 07:49","16 Sep 2025, 09:40","","Iso-Lateral Row (Machine)",,"",1,"normal",110,9,,,
"Pull","16 Sep 2025, 07:49","16 Sep 2025, 09:40","","Iso-Lateral Row (Machine)",,"",2,"normal",110,10,,,
"Pull","16 Sep 2025, 07:49","16 Sep 2025, 09:40","","Rear Delt Reverse Fly (Dumbbell)",,"",0,"normal",5,14,,,
"Pull","16 Sep 2025, 07:49","16 Sep 2025, 09:40","","Rear Delt Reverse Fly (Dumbbell)",,"",1,"normal",5,12,,,
"Pull","16 Sep 2025, 07:49","16 Sep 2025, 09:40","","Rear Delt Reverse Fly (Dumbbell)",,"",2,"normal",5,9,,,
"Pull","16 Sep 2025, 07:49","16 Sep 2025, 09:40","","Seated Incline Curl (Dumbbell)",,"",0,"normal",14,9,,,
"Pull","16 Sep 2025, 07:49","16 Sep 2025, 09:40","","Seated Incline Curl (Dumbbell)",,"",1,"normal",14,7,,,
"Pull","16 Sep 2025, 07:49","16 Sep 2025, 09:40","","Seated Incline Curl (Dumbbell)",,"",2,"normal",14,6,,,
"Pull","16 Sep 2025, 07:49","16 Sep 2025, 09:40","","Leg Raise Parallel Bars",,"",0,"normal",,10,,,
"Pull","16 Sep 2025, 07:49","16 Sep 2025, 09:40","","Leg Raise Parallel Bars",,"",1,"normal",,10,,,
"Push","15 Sep 2025, 08:16","15 Sep 2025, 08:51","","Incline Bench Press (Barbell)",,"",0,"warmup",20,8,,,
"Push","15 Sep 2025, 08:16","15 Sep 2025, 08:51","","Incline Bench Press (Barbell)",,"",1,"warmup",40,8,,,
"Push","15 Sep 2025, 08:16","15 Sep 2025, 08:51","","Incline Bench Press (Barbell)",,"",2,"normal",62.5,10,,,
"Push","15 Sep 2025, 08:16","15 Sep 2025, 08:51","","Incline Bench Press (Barbell)",,"",3,"normal",62.5,10,,,
"Push","15 Sep 2025, 08:16","15 Sep 2025, 08:51","","Incline Bench Press (Barbell)",,"",4,"normal",62.5,9,,,
"Push","15 Sep 2025, 08:16","15 Sep 2025, 08:51","","Chest Dip",,"",0,"normal",,6,,,
"Push","15 Sep 2025, 08:16","15 Sep 2025, 08:51","","Chest Dip",,"",1,"normal",,6,,,
"Push","15 Sep 2025, 08:16","15 Sep 2025, 08:51","","Chest Dip",,"",2,"normal",,6,,,
"Push","15 Sep 2025, 08:16","15 Sep 2025, 08:51","","Overhead Press (Dumbbell)",,"",0,"normal",15,11,,,
"Push","15 Sep 2025, 08:16","15 Sep 2025, 08:51","","Overhead Press (Dumbbell)",,"",1,"normal",17.5,9,,,
"Push","15 Sep 2025, 08:16","15 Sep 2025, 08:51","","Overhead Press (Dumbbell)",,"",2,"normal",17.5,9,,,
"Push","15 Sep 2025, 08:16","15 Sep 2025, 08:51","","Chest Fly (Dumbbell)",,"",0,"normal",5,12,,,
"Push","15 Sep 2025, 08:16","15 Sep 2025, 08:51","","Chest Fly (Dumbbell)",,"",1,"normal",6,9,,,
"Push","15 Sep 2025, 08:16","15 Sep 2025, 08:51","","Chest Fly (Dumbbell)",,"",2,"normal",6,8,,,
"Push","15 Sep 2025, 08:16","15 Sep 2025, 08:51","","Lateral Raise (Cable)",,"Hand height!",0,"normal",7.5,12,,,
"Push","15 Sep 2025, 08:16","15 Sep 2025, 08:51","","Lateral Raise (Cable)",,"Hand height!",1,"normal",7.5,10,,,
"Push","15 Sep 2025, 08:16","15 Sep 2025, 08:51","","Lateral Raise (Cable)",,"Hand height!",2,"normal",7.5,8,,,
"Push","15 Sep 2025, 08:16","15 Sep 2025, 08:51","","Triceps Extension (Cable)",,"",0,"normal",21.25,9,,,
"Push","15 Sep 2025, 08:16","15 Sep 2025, 08:51","","Triceps Extension (Cable)",,"",1,"normal",21.25,8,,,
"Push","15 Sep 2025, 08:16","15 Sep 2025, 08:51","","Triceps Extension (Cable)",,"",2,"normal",21.5,7,,,
"Push","15 Sep 2025, 08:16","15 Sep 2025, 08:51","","Seated Triceps Press",,"",0,"normal",53,15,,,
"Push","15 Sep 2025, 08:16","15 Sep 2025, 08:51","","Seated Triceps Press",,"",1,"normal",53,13,,,
"Push","15 Sep 2025, 08:16","15 Sep 2025, 08:51","","Cable Crunch",,"Crunch and hold hurts",0,"normal",25,12,,,
"Push","15 Sep 2025, 08:16","15 Sep 2025, 08:51","","Cable Crunch",,"Crunch and hold hurts",1,"normal",32.5,14,,,
"Push","15 Sep 2025, 08:16","15 Sep 2025, 08:51","","Cable Crunch",,"Crunch and hold hurts",2,"normal",32.5,12,,,
"Legs","13 Sep 2025, 13:12","13 Sep 2025, 14:21","","Romanian Deadlift (Barbell)",,"First time starting with these, did lots of conventional practice too",0,"normal",70,8,,,
"Legs","13 Sep 2025, 13:12","13 Sep 2025, 14:21","","Romanian Deadlift (Barbell)",,"First time starting with these, did lots of conventional practice too",1,"normal",70,8,,,
"Legs","13 Sep 2025, 13:12","13 Sep 2025, 14:21","","Romanian Deadlift (Barbell)",,"First time starting with these, did lots of conventional practice too",2,"normal",70,9,,,
"Legs","13 Sep 2025, 13:12","13 Sep 2025, 14:21","","Squat (Barbell)",,"No belt",0,"warmup",60,5,,,
"Legs","13 Sep 2025, 13:12","13 Sep 2025, 14:21","","Squat (Barbell)",,"No belt",1,"warmup",100,5,,,
"Legs","13 Sep 2025, 13:12","13 Sep 2025, 14:21","","Squat (Barbell)",,"No belt",2,"normal",120,6,,,
"Legs","13 Sep 2025, 13:12","13 Sep 2025, 14:21","","Squat (Barbell)",,"No belt",3,"normal",120,6,,,
"Legs","13 Sep 2025, 13:12","13 Sep 2025, 14:21","","Squat (Barbell)",,"No belt",4,"normal",120,8,,,
"Legs","13 Sep 2025, 13:12","13 Sep 2025, 14:21","","Back Extension (Weighted Hyperextension)",,"",0,"normal",,11,,,
"Legs","13 Sep 2025, 13:12","13 Sep 2025, 14:21","","Back Extension (Weighted Hyperextension)",,"",1,"normal",,11,,,
"Legs","13 Sep 2025, 13:12","13 Sep 2025, 14:21","","Leg Extension (Machine)",,"Slooooow\nBurn in mid quad was ridiculous",0,"normal",63,12,,,
"Legs","13 Sep 2025, 13:12","13 Sep 2025, 14:21","","Leg Extension (Machine)",,"Slooooow\nBurn in mid quad was ridiculous",1,"normal",63,11,,,
"Legs","13 Sep 2025, 13:12","13 Sep 2025, 14:21","","Leg Extension (Machine)",,"Slooooow\nBurn in mid quad was ridiculous",2,"normal",63,10,,,
"Legs","13 Sep 2025, 13:12","13 Sep 2025, 14:21","","Seated Calf Raise",,"",0,"normal",50,15,,,
"Legs","13 Sep 2025, 13:12","13 Sep 2025, 14:21","","Seated Calf Raise",,"",1,"normal",50,13,,,
"Legs","13 Sep 2025, 13:12","13 Sep 2025, 14:21","","Seated Calf Raise",,"",2,"normal",50,12,,,
"Legs","13 Sep 2025, 13:12","13 Sep 2025, 14:21","","Seated Calf Raise",,"",3,"normal",50,12,,,
"Legs","13 Sep 2025, 13:12","13 Sep 2025, 14:21","","Hip Abduction (Machine)",,"",0,"normal",67.5,20,,,
"Legs","13 Sep 2025, 13:12","13 Sep 2025, 14:21","","Hip Abduction (Machine)",,"",1,"normal",67.5,20,,,
"Legs","13 Sep 2025, 13:12","13 Sep 2025, 14:21","","Hip Adduction (Machine)",,"",0,"normal",33.75,18,,,
"Legs","13 Sep 2025, 13:12","13 Sep 2025, 14:21","","Hip Adduction (Machine)",,"",1,"normal",33.75,15,,,
"Pull","11 Sep 2025, 12:55","11 Sep 2025, 13:38","","Deadlift (Barbell)",,"",0,"warmup",60,5,,,
"Pull","11 Sep 2025, 12:55","11 Sep 2025, 13:38","","Deadlift (Barbell)",,"",1,"normal",100,5,,,
"Pull","11 Sep 2025, 12:55","11 Sep 2025, 13:38","","Deadlift (Barbell)",,"",2,"normal",100,6,,,
"Pull","11 Sep 2025, 12:55","11 Sep 2025, 13:38","","Deadlift (Barbell)",,"",3,"normal",100,6,,,
"Pull","11 Sep 2025, 12:55","11 Sep 2025, 13:38","","Deadlift (Barbell)",,"",4,"normal",60,6,,,
"Pull","11 Sep 2025, 12:55","11 Sep 2025, 13:38","","Pull Up",,"",0,"normal",,7,,,
"Pull","11 Sep 2025, 12:55","11 Sep 2025, 13:38","","Pull Up",,"",1,"normal",,6,,,
"Pull","11 Sep 2025, 12:55","11 Sep 2025, 13:38","","Pull Up",,"",2,"normal",,5,,,
"Pull","11 Sep 2025, 12:55","11 Sep 2025, 13:38","","Seated Cable Row - V Grip (Cable)",,"Straps for second set",0,"normal",60,15,,,
"Pull","11 Sep 2025, 12:55","11 Sep 2025, 13:38","","Seated Cable Row - V Grip (Cable)",,"Straps for second set",1,"normal",70,12,,,
"Pull","11 Sep 2025, 12:55","11 Sep 2025, 13:38","","Iso-Lateral Row (Machine)",,"",0,"normal",110,9,,,
"Pull","11 Sep 2025, 12:55","11 Sep 2025, 13:38","","Iso-Lateral Row (Machine)",,"",1,"normal",110,7,,,
"Pull","11 Sep 2025, 12:55","11 Sep 2025, 13:38","","Iso-Lateral Row (Machine)",,"",2,"normal",110,9,,,
"Pull","11 Sep 2025, 12:55","11 Sep 2025, 13:38","","Rear Delt Reverse Fly (Cable)",,"",0,"normal",6.25,15,,,
"Pull","11 Sep 2025, 12:55","11 Sep 2025, 13:38","","Rear Delt Reverse Fly (Cable)",,"",1,"normal",6.25,11,,,
"Pull","11 Sep 2025, 12:55","11 Sep 2025, 13:38","","Rear Delt Reverse Fly (Cable)",,"",2,"normal",6.25,12,,,
"Pull","11 Sep 2025, 12:55","11 Sep 2025, 13:38","","Seated Incline Curl (Dumbbell)",,"",0,"normal",14,11,,,
"Pull","11 Sep 2025, 12:55","11 Sep 2025, 13:38","","Seated Incline Curl (Dumbbell)",,"",1,"normal",14,6,,,
"Pull","11 Sep 2025, 12:55","11 Sep 2025, 13:38","","Seated Incline Curl (Dumbbell)",,"",2,"normal",14,5,,,
"Pull","11 Sep 2025, 12:55","11 Sep 2025, 13:38","","Leg Raise Parallel Bars",,"",0,"normal",,7,,,
"Pull","11 Sep 2025, 12:55","11 Sep 2025, 13:38","","Leg Raise Parallel Bars",,"",1,"normal",,8,,,
"Pull","11 Sep 2025, 12:55","11 Sep 2025, 13:38","","Dead Hang",,"",0,"normal",,,,20,
"Push","7 Sep 2025, 14:30","7 Sep 2025, 15:26","","Incline Bench Press (Barbell)",,"Racked one side unevenly 🙃",0,"warmup",20,8,,,
"Push","7 Sep 2025, 14:30","7 Sep 2025, 15:26","","Incline Bench Press (Barbell)",,"Racked one side unevenly 🙃",1,"warmup",40,8,,,
"Push","7 Sep 2025, 14:30","7 Sep 2025, 15:26","","Incline Bench Press (Barbell)",,"Racked one side unevenly 🙃",2,"warmup",50,5,,,
"Push","7 Sep 2025, 14:30","7 Sep 2025, 15:26","","Incline Bench Press (Barbell)",,"Racked one side unevenly 🙃",3,"normal",61.25,10,,,
"Push","7 Sep 2025, 14:30","7 Sep 2025, 15:26","","Incline Bench Press (Barbell)",,"Racked one side unevenly 🙃",4,"normal",61.25,7,,,
"Push","7 Sep 2025, 14:30","7 Sep 2025, 15:26","","Incline Bench Press (Barbell)",,"Racked one side unevenly 🙃",5,"normal",61.25,6,,,
"Push","7 Sep 2025, 14:30","7 Sep 2025, 15:26","","Overhead Press (Barbell)",,"",0,"normal",40,5,,,
"Push","7 Sep 2025, 14:30","7 Sep 2025, 15:26","","Overhead Press (Barbell)",,"",1,"normal",40,4,,,
"Push","7 Sep 2025, 14:30","7 Sep 2025, 15:26","","Overhead Press (Barbell)",,"",2,"normal",40,8,,,
"Push","7 Sep 2025, 14:30","7 Sep 2025, 15:26","","Overhead Press (Barbell)",,"",3,"normal",40,6,,,
"Push","7 Sep 2025, 14:30","7 Sep 2025, 15:26","","Overhead Press (Barbell)",,"",4,"normal",40,4,,,
"Push","7 Sep 2025, 14:30","7 Sep 2025, 15:26","","Hanging Leg Raise",,"",0,"normal",,10,,,
"Push","7 Sep 2025, 14:30","7 Sep 2025, 15:26","","Hanging Leg Raise",,"",1,"normal",,6,,,
"Push","7 Sep 2025, 14:30","7 Sep 2025, 15:26","","Hanging Leg Raise",,"",2,"normal",,10,,,
"Push","7 Sep 2025, 14:30","7 Sep 2025, 15:26","","Chest Dip",,"Turned the handles out, bit wider",0,"normal",,4,,,
"Push","7 Sep 2025, 14:30","7 Sep 2025, 15:26","","Chest Dip",,"Turned the handles out, bit wider",1,"normal",,6,,,
"Push","7 Sep 2025, 14:30","7 Sep 2025, 15:26","","Chest Dip",,"Turned the handles out, bit wider",2,"normal",,7,,,
"Push","7 Sep 2025, 14:30","7 Sep 2025, 15:26","","Chest Dip",,"Turned the handles out, bit wider",3,"normal",,10,,,
"Push","7 Sep 2025, 14:30","7 Sep 2025, 15:26","","Chest Fly (Dumbbell)",0,"",0,"normal",6,15,,,
"Push","7 Sep 2025, 14:30","7 Sep 2025, 15:26","","Chest Fly (Dumbbell)",0,"",1,"normal",6,14,,,
"Push","7 Sep 2025, 14:30","7 Sep 2025, 15:26","","Chest Fly (Dumbbell)",0,"",2,"normal",6,16,,,
"Push","7 Sep 2025, 14:30","7 Sep 2025, 15:26","","Pullover (Dumbbell)",0,"",0,"normal",12.5,10,,,
"Push","7 Sep 2025, 14:30","7 Sep 2025, 15:26","","Pullover (Dumbbell)",0,"",1,"normal",15,10,,,
"Push","7 Sep 2025, 14:30","7 Sep 2025, 15:26","","Pullover (Dumbbell)",0,"",2,"normal",15,10,,,
"Push","7 Sep 2025, 14:30","7 Sep 2025, 15:26","","Lateral Raise (Cable)",,"",0,"normal",7.5,15,,,
"Push","7 Sep 2025, 14:30","7 Sep 2025, 15:26","","Lateral Raise (Cable)",,"",1,"normal",7.5,18,,,
"Push","7 Sep 2025, 14:30","7 Sep 2025, 15:26","","Lateral Raise (Cable)",,"",2,"normal",7.5,10,,,
"Push","7 Sep 2025, 14:30","7 Sep 2025, 15:26","","Triceps Extension (Cable)",,"",0,"normal",21.25,15,,,
"Push","7 Sep 2025, 14:30","7 Sep 2025, 15:26","","Triceps Extension (Cable)",,"",1,"normal",21.25,7,,,
"Push","7 Sep 2025, 14:30","7 Sep 2025, 15:26","","Triceps Extension (Cable)",,"",2,"normal",17.5,8,,,
"Push","7 Sep 2025, 14:30","7 Sep 2025, 15:26","","Triceps Extension (Cable)",,"",3,"normal",15,5,,,
"Push","7 Sep 2025, 14:30","7 Sep 2025, 15:26","","Triceps Kickback (Dumbbell)",,"",0,"normal",5,13,,,
"Push","7 Sep 2025, 14:30","7 Sep 2025, 15:26","","Triceps Kickback (Dumbbell)",,"",1,"normal",5,14,,,
"Push","7 Sep 2025, 14:30","7 Sep 2025, 15:26","","Triceps Kickback (Dumbbell)",,"",2,"normal",5,12,,,
"Legs","2 Sep 2025, 12:52","2 Sep 2025, 13:37","","Squat (Barbell)",,"",0,"warmup",60,5,,,
"Legs","2 Sep 2025, 12:52","2 Sep 2025, 13:37","","Squat (Barbell)",,"",1,"warmup",100,5,,,
"Legs","2 Sep 2025, 12:52","2 Sep 2025, 13:37","","Squat (Barbell)",,"",2,"warmup",120,1,,,
"Legs","2 Sep 2025, 12:52","2 Sep 2025, 13:37","","Squat (Barbell)",,"",3,"normal",140,7,,,
"Legs","2 Sep 2025, 12:52","2 Sep 2025, 13:37","","Squat (Barbell)",,"",4,"normal",140,5,,,
"Legs","2 Sep 2025, 12:52","2 Sep 2025, 13:37","","Squat (Barbell)",,"",5,"normal",130,5,,,
"Legs","2 Sep 2025, 12:52","2 Sep 2025, 13:37","","Seated Leg Curl (Machine)",,"Left hand lower back kind of spasming\nMight have squatted wonky?",0,"normal",75,14,,,
"Legs","2 Sep 2025, 12:52","2 Sep 2025, 13:37","","Seated Leg Curl (Machine)",,"Left hand lower back kind of spasming\nMight have squatted wonky?",1,"normal",75,10,,,
"Legs","2 Sep 2025, 12:52","2 Sep 2025, 13:37","","Leg Extension (Machine)",,"",0,"normal",75,12,,,
"Legs","2 Sep 2025, 12:52","2 Sep 2025, 13:37","","Leg Extension (Machine)",,"",1,"normal",75,12,,,
"Legs","2 Sep 2025, 12:52","2 Sep 2025, 13:37","","Leg Extension (Machine)",,"",2,"normal",75,12,,,
"Legs","2 Sep 2025, 12:52","2 Sep 2025, 13:37","","Calf Extension (Machine)",,"",0,"normal",113.75,17,,,
"Legs","2 Sep 2025, 12:52","2 Sep 2025, 13:37","","Calf Extension (Machine)",,"",1,"normal",113.75,12,,,
"Legs","2 Sep 2025, 12:52","2 Sep 2025, 13:37","","Calf Extension (Machine)",,"",2,"normal",113.75,12,,,
"Legs","2 Sep 2025, 12:52","2 Sep 2025, 13:37","","Calf Extension (Machine)",,"",3,"normal",113.75,11,,,
"Evening workout 🏋️","1 Sep 2025, 11:31","1 Sep 2025, 12:01","","Swimming",,"",0,"normal",,,0.5,1800,
"Evening workout 🏋️","28 Aug 2025, 11:24","28 Aug 2025, 12:00","","Running",,"",0,"normal",,,5,2176,
"Pull","27 Aug 2025, 13:21","27 Aug 2025, 13:53","","Deadlift (Barbell)",,"",0,"warmup",60,5,,,
"Pull","27 Aug 2025, 13:21","27 Aug 2025, 13:53","","Deadlift (Barbell)",,"",1,"warmup",60,5,,,
"Pull","27 Aug 2025, 13:21","27 Aug 2025, 13:53","","Deadlift (Barbell)",,"",2,"normal",60,5,,,
"Pull","27 Aug 2025, 13:21","27 Aug 2025, 13:53","","Pull Up",,"",0,"normal",,7,,,
"Pull","27 Aug 2025, 13:21","27 Aug 2025, 13:53","","Pull Up",,"",1,"normal",,3,,,
"Pull","27 Aug 2025, 13:21","27 Aug 2025, 13:53","","Pull Up",,"",2,"normal",,4,,,
"Pull","27 Aug 2025, 13:21","27 Aug 2025, 13:53","","Seated Cable Row - V Grip (Cable)",,"",0,"normal",60,17,,,
"Pull","27 Aug 2025, 13:21","27 Aug 2025, 13:53","","Seated Cable Row - V Grip (Cable)",,"",1,"normal",60,14,,,
"Pull","27 Aug 2025, 13:21","27 Aug 2025, 13:53","","Iso-Lateral Row (Machine)",,"",0,"normal",100,9,,,
"Pull","27 Aug 2025, 13:21","27 Aug 2025, 13:53","","Iso-Lateral Row (Machine)",,"",1,"normal",110,8,,,
"Pull","27 Aug 2025, 13:21","27 Aug 2025, 13:53","","Iso-Lateral Row (Machine)",,"",2,"normal",110,8,,,
"Pull","27 Aug 2025, 13:21","27 Aug 2025, 13:53","","Rear Delt Reverse Fly (Machine)",,"Hands open shoulder blades down",0,"normal",27.5,19,,,
"Pull","27 Aug 2025, 13:21","27 Aug 2025, 13:53","","Rear Delt Reverse Fly (Machine)",,"Hands open shoulder blades down",1,"normal",27.5,16,,,
"Pull","27 Aug 2025, 13:21","27 Aug 2025, 13:53","","Rear Delt Reverse Fly (Machine)",,"Hands open shoulder blades down",2,"normal",27.5,16,,,
"Pull","27 Aug 2025, 13:21","27 Aug 2025, 13:53","","Seated Incline Curl (Dumbbell)",,"Fat gripz",0,"normal",14,8,,,
"Pull","27 Aug 2025, 13:21","27 Aug 2025, 13:53","","Seated Incline Curl (Dumbbell)",,"Fat gripz",1,"normal",14,6,,,
"Pull","27 Aug 2025, 13:21","27 Aug 2025, 13:53","","Seated Incline Curl (Dumbbell)",,"Fat gripz",2,"normal",14,7,,,
"Pull","27 Aug 2025, 13:21","27 Aug 2025, 13:53","","EZ Bar Biceps Curl",,"",0,"normal",29,8,,,
"Pull","27 Aug 2025, 13:21","27 Aug 2025, 13:53","","EZ Bar Biceps Curl",,"",1,"normal",29,8,,,
"Pull","27 Aug 2025, 13:21","27 Aug 2025, 13:53","","EZ Bar Biceps Curl",,"",2,"normal",29,9,,,
"Pull","27 Aug 2025, 13:21","27 Aug 2025, 13:53","","Leg Raise Parallel Bars",,"",0,"normal",,9,,,
"Pull","27 Aug 2025, 13:21","27 Aug 2025, 13:53","","Leg Raise Parallel Bars",,"",1,"normal",,9,,,
"Pull","26 Aug 2025, 13:15","26 Aug 2025, 13:56","Ran out of time 😅 mis judged when my ndxt meeting wS and spent loads of time doing warmup","Deadlift (Barbell)",,"No belt - did loads of 60kg sets tweaking form",0,"warmup",60,5,,,
"Pull","26 Aug 2025, 13:15","26 Aug 2025, 13:56","Ran out of time 😅 mis judged when my ndxt meeting wS and spent loads of time doing warmup","Deadlift (Barbell)",,"No belt - did loads of 60kg sets tweaking form",1,"warmup",90,5,,,
"Pull","26 Aug 2025, 13:15","26 Aug 2025, 13:56","Ran out of time 😅 mis judged when my ndxt meeting wS and spent loads of time doing warmup","Deadlift (Barbell)",,"No belt - did loads of 60kg sets tweaking form",2,"normal",120,5,,,
"Pull","26 Aug 2025, 13:15","26 Aug 2025, 13:56","Ran out of time 😅 mis judged when my ndxt meeting wS and spent loads of time doing warmup","Deadlift (Barbell)",,"No belt - did loads of 60kg sets tweaking form",3,"normal",120,5,,,
"Pull","26 Aug 2025, 13:15","26 Aug 2025, 13:56","Ran out of time 😅 mis judged when my ndxt meeting wS and spent loads of time doing warmup","Deadlift (Barbell)",,"No belt - did loads of 60kg sets tweaking form",4,"normal",120,5,,,
"Pull","26 Aug 2025, 13:15","26 Aug 2025, 13:56","Ran out of time 😅 mis judged when my ndxt meeting wS and spent loads of time doing warmup","Deadlift (Barbell)",,"No belt - did loads of 60kg sets tweaking form",5,"normal",60,5,,,
"Pull","26 Aug 2025, 13:15","26 Aug 2025, 13:56","Ran out of time 😅 mis judged when my ndxt meeting wS and spent loads of time doing warmup","Deadlift (Barbell)",,"No belt - did loads of 60kg sets tweaking form",6,"normal",60,5,,,
"Pull","26 Aug 2025, 13:15","26 Aug 2025, 13:56","Ran out of time 😅 mis judged when my ndxt meeting wS and spent loads of time doing warmup","Pull Up",,"",0,"normal",,6,,,
"Pull","26 Aug 2025, 13:15","26 Aug 2025, 13:56","Ran out of time 😅 mis judged when my ndxt meeting wS and spent loads of time doing warmup","Pull Up",,"",1,"normal",,6,,,
"Pull","26 Aug 2025, 13:15","26 Aug 2025, 13:56","Ran out of time 😅 mis judged when my ndxt meeting wS and spent loads of time doing warmup","Pull Up",,"",2,"normal",,7,,,
"Push","21 Aug 2025, 12:25","21 Aug 2025, 13:27","","Incline Bench Press (Barbell)",,"",0,"warmup",20,8,,,
"Push","21 Aug 2025, 12:25","21 Aug 2025, 13:27","","Incline Bench Press (Barbell)",,"",1,"warmup",50,8,,,
"Push","21 Aug 2025, 12:25","21 Aug 2025, 13:27","","Incline Bench Press (Barbell)",,"",2,"normal",62.5,10,,,
"Push","21 Aug 2025, 12:25","21 Aug 2025, 13:27","","Incline Bench Press (Barbell)",,"",3,"normal",62.5,6,,,
"Push","21 Aug 2025, 12:25","21 Aug 2025, 13:27","","Incline Bench Press (Barbell)",,"",4,"normal",60,4,,,
"Push","21 Aug 2025, 12:25","21 Aug 2025, 13:27","","Overhead Press (Barbell)",,"Some pinching on left anterior shoulder on (bench press) grip width",0,"normal",40,4,,,
"Push","21 Aug 2025, 12:25","21 Aug 2025, 13:27","","Overhead Press (Barbell)",,"Some pinching on left anterior shoulder on (bench press) grip width",1,"normal",40,4,,,
"Push","21 Aug 2025, 12:25","21 Aug 2025, 13:27","","Overhead Press (Barbell)",,"Some pinching on left anterior shoulder on (bench press) grip width",2,"normal",40,6,,,
"Push","21 Aug 2025, 12:25","21 Aug 2025, 13:27","","Overhead Press (Barbell)",,"Some pinching on left anterior shoulder on (bench press) grip width",3,"normal",35,8,,,
"Push","21 Aug 2025, 12:25","21 Aug 2025, 13:27","","Overhead Press (Barbell)",,"Some pinching on left anterior shoulder on (bench press) grip width",4,"dropset",30,4,,,
"Push","21 Aug 2025, 12:25","21 Aug 2025, 13:27","","Chest Dip",,"",0,"normal",,4,,,
"Push","21 Aug 2025, 12:25","21 Aug 2025, 13:27","","Chest Dip",,"",1,"normal",,7,,,
"Push","21 Aug 2025, 12:25","21 Aug 2025, 13:27","","Chest Dip",,"",2,"normal",,6,,,
"Push","21 Aug 2025, 12:25","21 Aug 2025, 13:27","","Hanging Leg Raise",,"",0,"normal",,10,,,
"Push","21 Aug 2025, 12:25","21 Aug 2025, 13:27","","Hanging Leg Raise",,"",1,"normal",,8,,,
"Push","21 Aug 2025, 12:25","21 Aug 2025, 13:27","","Hanging Leg Raise",,"",2,"normal",,8,,,
"Push","21 Aug 2025, 12:25","21 Aug 2025, 13:27","","Butterfly (Pec Deck)",,"",0,"normal",46.25,18,,,
"Push","21 Aug 2025, 12:25","21 Aug 2025, 13:27","","Butterfly (Pec Deck)",,"",1,"normal",46.25,10,,,
"Push","21 Aug 2025, 12:25","21 Aug 2025, 13:27","","Butterfly (Pec Deck)",,"",2,"normal",42.5,9,,,
"Push","21 Aug 2025, 12:25","21 Aug 2025, 13:27","","Butterfly (Pec Deck)",,"",3,"normal",42.5,8,,,
"Push","21 Aug 2025, 12:25","21 Aug 2025, 13:27","","Lateral Raise (Cable)",,"",0,"normal",7.5,13,,,
"Push","21 Aug 2025, 12:25","21 Aug 2025, 13:27","","Lateral Raise (Cable)",,"",1,"normal",7.5,12,,,
"Push","21 Aug 2025, 12:25","21 Aug 2025, 13:27","","Lateral Raise (Cable)",,"",2,"normal",7.5,10,,,
"Push","21 Aug 2025, 12:25","21 Aug 2025, 13:27","","Triceps Extension (Cable)",,"",0,"normal",15,20,,,
"Push","21 Aug 2025, 12:25","21 Aug 2025, 13:27","","Triceps Extension (Cable)",,"",1,"normal",21.25,11,,,
"Push","21 Aug 2025, 12:25","21 Aug 2025, 13:27","","Triceps Extension (Cable)",,"",2,"normal",21.25,7,,,
"Push","21 Aug 2025, 12:25","21 Aug 2025, 13:27","","Triceps Extension (Cable)",,"",3,"dropset",15,1,,,
"Push","21 Aug 2025, 12:25","21 Aug 2025, 13:27","","Triceps Kickback (Dumbbell)",,"",0,"normal",5,8,,,
"Push","21 Aug 2025, 12:25","21 Aug 2025, 13:27","","Triceps Kickback (Dumbbell)",,"",1,"normal",4,12,,,
"Push","21 Aug 2025, 12:25","21 Aug 2025, 13:27","","Triceps Kickback (Dumbbell)",,"",2,"normal",4,15,,,
"Legs","20 Aug 2025, 12:24","20 Aug 2025, 13:21","","Squat (Barbell)",,"",0,"warmup",60,5,,,
"Legs","20 Aug 2025, 12:24","20 Aug 2025, 13:21","","Squat (Barbell)",,"",1,"warmup",90,5,,,
"Legs","20 Aug 2025, 12:24","20 Aug 2025, 13:21","","Squat (Barbell)",,"",2,"normal",120,3,,,
"Legs","20 Aug 2025, 12:24","20 Aug 2025, 13:21","","Squat (Barbell)",,"",3,"normal",140,8,,,
"Legs","20 Aug 2025, 12:24","20 Aug 2025, 13:21","","Squat (Barbell)",,"",4,"normal",150,3,,,
"Legs","20 Aug 2025, 12:24","20 Aug 2025, 13:21","","Squat (Barbell)",,"",5,"normal",140,5,,,
"Legs","20 Aug 2025, 12:24","20 Aug 2025, 13:21","","Romanian Deadlift (Barbell)",,"",0,"normal",60,7,,,
"Legs","20 Aug 2025, 12:24","20 Aug 2025, 13:21","","Romanian Deadlift (Barbell)",,"",1,"normal",60,9,,,
"Legs","20 Aug 2025, 12:24","20 Aug 2025, 13:21","","Romanian Deadlift (Barbell)",,"",2,"normal",60,9,,,
"Legs","20 Aug 2025, 12:24","20 Aug 2025, 13:21","","Leg Extension (Machine)",,"",0,"normal",67.5,15,,,
"Legs","20 Aug 2025, 12:24","20 Aug 2025, 13:21","","Leg Extension (Machine)",,"",1,"normal",67.5,14,,,
"Legs","20 Aug 2025, 12:24","20 Aug 2025, 13:21","","Leg Extension (Machine)",,"",2,"normal",67.5,14,,,
"Legs","20 Aug 2025, 12:24","20 Aug 2025, 13:21","","Lying Leg Curl (Machine)",,"",0,"normal",75,11,,,
"Legs","20 Aug 2025, 12:24","20 Aug 2025, 13:21","","Lying Leg Curl (Machine)",,"",1,"normal",75,13,,,
"Legs","20 Aug 2025, 12:24","20 Aug 2025, 13:21","","Lying Leg Curl (Machine)",,"",2,"normal",75,12,,,
"Legs","20 Aug 2025, 12:24","20 Aug 2025, 13:21","","Calf Press (Machine)",,"Plate machine",0,"normal",100,20,,,
"Legs","20 Aug 2025, 12:24","20 Aug 2025, 13:21","","Calf Press (Machine)",,"Plate machine",1,"normal",150,15,,,
"Legs","20 Aug 2025, 12:24","20 Aug 2025, 13:21","","Calf Press (Machine)",,"Plate machine",2,"normal",200,15,,,
"Legs","20 Aug 2025, 12:24","20 Aug 2025, 13:21","","Calf Press (Machine)",,"Plate machine",3,"normal",200,13,,,
"Pull","17 Aug 2025, 17:02","17 Aug 2025, 17:46","","Deadlift (Barbell)",,"",0,"warmup",60,5,,,
"Pull","17 Aug 2025, 17:02","17 Aug 2025, 17:46","","Deadlift (Barbell)",,"",1,"warmup",90,5,,,
"Pull","17 Aug 2025, 17:02","17 Aug 2025, 17:46","","Deadlift (Barbell)",,"",2,"normal",120,1,,,
"Pull","17 Aug 2025, 17:02","17 Aug 2025, 17:46","","Deadlift (Barbell)",,"",3,"normal",120,5,,,
"Pull","17 Aug 2025, 17:02","17 Aug 2025, 17:46","","Deadlift (Barbell)",,"",4,"normal",140,5,,,
"Pull","17 Aug 2025, 17:02","17 Aug 2025, 17:46","","Deadlift (Barbell)",,"",5,"normal",160,3,,,
"Pull","17 Aug 2025, 17:02","17 Aug 2025, 17:46","","Pull Up",,"",0,"normal",,7,,,
"Pull","17 Aug 2025, 17:02","17 Aug 2025, 17:46","","Pull Up",,"",1,"normal",,4,,,
"Pull","17 Aug 2025, 17:02","17 Aug 2025, 17:46","","Pull Up",,"",2,"normal",,4,,,
"Pull","17 Aug 2025, 17:02","17 Aug 2025, 17:46","","Iso-Lateral Row (Machine)",,"",0,"normal",50,9,,,
"Pull","17 Aug 2025, 17:02","17 Aug 2025, 17:46","","Iso-Lateral Row (Machine)",,"",1,"normal",50,10,,,
"Pull","17 Aug 2025, 17:02","17 Aug 2025, 17:46","","Iso-Lateral Row (Machine)",,"",2,"normal",50,9,,,
"Pull","17 Aug 2025, 17:02","17 Aug 2025, 17:46","","Seated Cable Row - V Grip (Cable)",,"",0,"normal",60,17,,,
"Pull","17 Aug 2025, 17:02","17 Aug 2025, 17:46","","Seated Cable Row - V Grip (Cable)",,"",1,"normal",60,14,,,
"Pull","17 Aug 2025, 17:02","17 Aug 2025, 17:46","","Rear Delt Reverse Fly (Machine)",,"",0,"normal",20,20,,,
"Pull","17 Aug 2025, 17:02","17 Aug 2025, 17:46","","Rear Delt Reverse Fly (Machine)",,"",1,"normal",27.5,19,,,
"Pull","17 Aug 2025, 17:02","17 Aug 2025, 17:46","","Rear Delt Reverse Fly (Machine)",,"",2,"normal",27.5,14,,,
"Pull","17 Aug 2025, 17:02","17 Aug 2025, 17:46","","Bicep Curl (Dumbbell)",,"",0,"normal",14,10,,,
"Pull","17 Aug 2025, 17:02","17 Aug 2025, 17:46","","Bicep Curl (Dumbbell)",,"",1,"normal",14,7,,,
"Pull","17 Aug 2025, 17:02","17 Aug 2025, 17:46","","Bicep Curl (Dumbbell)",,"",2,"normal",12,3,,,
"Pull","17 Aug 2025, 17:02","17 Aug 2025, 17:46","","Leg Raise Parallel Bars",,"",0,"normal",,8,,,
"Pull","17 Aug 2025, 17:02","17 Aug 2025, 17:46","","Leg Raise Parallel Bars",,"",1,"normal",,9,,,
"Push","15 Aug 2025, 15:29","15 Aug 2025, 16:20","","Incline Bench Press (Barbell)",,"",0,"warmup",20,8,,,
"Push","15 Aug 2025, 15:29","15 Aug 2025, 16:20","","Incline Bench Press (Barbell)",,"",1,"warmup",40,8,,,
"Push","15 Aug 2025, 15:29","15 Aug 2025, 16:20","","Incline Bench Press (Barbell)",,"",2,"warmup",50,5,,,
"Push","15 Aug 2025, 15:29","15 Aug 2025, 16:20","","Incline Bench Press (Barbell)",,"",3,"normal",62.5,10,,,
"Push","15 Aug 2025, 15:29","15 Aug 2025, 16:20","","Incline Bench Press (Barbell)",,"",4,"normal",62.5,8,,,
"Push","15 Aug 2025, 15:29","15 Aug 2025, 16:20","","Incline Bench Press (Barbell)",,"",5,"normal",62.5,5,,,
"Push","15 Aug 2025, 15:29","15 Aug 2025, 16:20","","Incline Bench Press (Barbell)",,"",6,"failure",60,3,,,
"Push","15 Aug 2025, 15:29","15 Aug 2025, 16:20","","Shoulder Press (Machine Plates)",,"",0,"normal",20,12,,,
"Push","15 Aug 2025, 15:29","15 Aug 2025, 16:20","","Shoulder Press (Machine Plates)",,"",1,"normal",20,12,,,
"Push","15 Aug 2025, 15:29","15 Aug 2025, 16:20","","Shoulder Press (Machine Plates)",,"",2,"normal",20,11,,,
"Push","15 Aug 2025, 15:29","15 Aug 2025, 16:20","","Chest Dip",,"",0,"normal",,8,,,
"Push","15 Aug 2025, 15:29","15 Aug 2025, 16:20","","Chest Dip",,"",1,"normal",,6,,,
"Push","15 Aug 2025, 15:29","15 Aug 2025, 16:20","","Chest Dip",,"",2,"normal",,2,,,
"Push","15 Aug 2025, 15:29","15 Aug 2025, 16:20","","Butterfly (Pec Deck)",,"",0,"normal",42.5,20,,,
"Push","15 Aug 2025, 15:29","15 Aug 2025, 16:20","","Butterfly (Pec Deck)",,"",1,"normal",46.25,19,,,
"Push","15 Aug 2025, 15:29","15 Aug 2025, 16:20","","Butterfly (Pec Deck)",,"",2,"normal",46.25,12,,,
"Push","15 Aug 2025, 15:29","15 Aug 2025, 16:20","","Butterfly (Pec Deck)",,"",3,"normal",42.5,4,,,
"Push","15 Aug 2025, 15:29","15 Aug 2025, 16:20","","Lateral Raise (Cable)",,"",0,"normal",8.75,14,,,
"Push","15 Aug 2025, 15:29","15 Aug 2025, 16:20","","Lateral Raise (Cable)",,"",1,"normal",8.75,10,,,
"Push","15 Aug 2025, 15:29","15 Aug 2025, 16:20","","Lateral Raise (Cable)",,"",2,"normal",8.75,10,,,
"Push","15 Aug 2025, 15:29","15 Aug 2025, 16:20","","Triceps Extension (Cable)",,"",0,"normal",21.25,15,,,
"Push","15 Aug 2025, 15:29","15 Aug 2025, 16:20","","Triceps Extension (Cable)",,"",1,"normal",26.25,15,,,
"Push","15 Aug 2025, 15:29","15 Aug 2025, 16:20","","Triceps Extension (Cable)",,"",2,"normal",28.75,13,,,
"Legs","13 Aug 2025, 12:45","13 Aug 2025, 13:39","","Squat (Barbell)",,"",0,"warmup",40,5,,,
"Legs","13 Aug 2025, 12:45","13 Aug 2025, 13:39","","Squat (Barbell)",,"",1,"warmup",60,5,,,
"Legs","13 Aug 2025, 12:45","13 Aug 2025, 13:39","","Squat (Barbell)",,"",2,"normal",100,5,,,
"Legs","13 Aug 2025, 12:45","13 Aug 2025, 13:39","","Squat (Barbell)",,"",3,"normal",110,7,,,
"Legs","13 Aug 2025, 12:45","13 Aug 2025, 13:39","","Squat (Barbell)",,"",4,"normal",120,10,,,
"Legs","13 Aug 2025, 12:45","13 Aug 2025, 13:39","","Leg Extension (Machine)",,"",0,"normal",60,16,,,
"Legs","13 Aug 2025, 12:45","13 Aug 2025, 13:39","","Leg Extension (Machine)",,"",1,"normal",67.5,15,,,
"Legs","13 Aug 2025, 12:45","13 Aug 2025, 13:39","","Leg Extension (Machine)",,"",2,"normal",67.5,11,,,
"Legs","13 Aug 2025, 12:45","13 Aug 2025, 13:39","","Lying Leg Curl (Machine)",,"",0,"normal",67.5,18,,,
"Legs","13 Aug 2025, 12:45","13 Aug 2025, 13:39","","Lying Leg Curl (Machine)",,"",1,"normal",78.25,15,,,
"Legs","13 Aug 2025, 12:45","13 Aug 2025, 13:39","","Lying Leg Curl (Machine)",,"",2,"normal",75,14,,,
"Legs","13 Aug 2025, 12:45","13 Aug 2025, 13:39","","Calf Press (Machine)",,"",0,"normal",102,15,,,
"Legs","13 Aug 2025, 12:45","13 Aug 2025, 13:39","","Calf Press (Machine)",,"",1,"normal",125,13,,,
"Legs","13 Aug 2025, 12:45","13 Aug 2025, 13:39","","Calf Press (Machine)",,"",2,"normal",125,15,,,
"Legs","13 Aug 2025, 12:45","13 Aug 2025, 13:39","","Hip Abduction (Machine)",,"",0,"normal",67.5,20,,,
"Legs","13 Aug 2025, 12:45","13 Aug 2025, 13:39","","Hip Abduction (Machine)",,"",1,"normal",71.25,15,,,
"Legs","13 Aug 2025, 12:45","13 Aug 2025, 13:39","","Hip Adduction (Machine)",,"",0,"normal",37.5,15,,,
"Legs","13 Aug 2025, 12:45","13 Aug 2025, 13:39","","Hip Adduction (Machine)",,"",1,"normal",33.75,15,,,
"Pull","9 Aug 2025, 14:00","9 Aug 2025, 14:51","","Deadlift (Barbell)",,"",0,"warmup",60,5,,,
"Pull","9 Aug 2025, 14:00","9 Aug 2025, 14:51","","Deadlift (Barbell)",,"",1,"warmup",80,5,,,
"Pull","9 Aug 2025, 14:00","9 Aug 2025, 14:51","","Deadlift (Barbell)",,"",2,"normal",100,5,,,
"Pull","9 Aug 2025, 14:00","9 Aug 2025, 14:51","","Deadlift (Barbell)",,"",3,"normal",100,5,,,
"Pull","9 Aug 2025, 14:00","9 Aug 2025, 14:51","","Deadlift (Barbell)",,"",4,"normal",100,5,,,
"Pull","9 Aug 2025, 14:00","9 Aug 2025, 14:51","","Pull Up",,"All bodyweight without assistance \nDropset was negatives",0,"normal",,5,,,
"Pull","9 Aug 2025, 14:00","9 Aug 2025, 14:51","","Pull Up",,"All bodyweight without assistance \nDropset was negatives",1,"normal",,5,,,
"Pull","9 Aug 2025, 14:00","9 Aug 2025, 14:51","","Pull Up",,"All bodyweight without assistance \nDropset was negatives",2,"normal",,5,,,
"Pull","9 Aug 2025, 14:00","9 Aug 2025, 14:51","","Pull Up",,"All bodyweight without assistance \nDropset was negatives",3,"normal",,5,,,
"Pull","9 Aug 2025, 14:00","9 Aug 2025, 14:51","","Pull Up",,"All bodyweight without assistance \nDropset was negatives",4,"dropset",,2,,,
"Pull","9 Aug 2025, 14:00","9 Aug 2025, 14:51","","Seated Cable Row - V Grip (Cable)",,"",0,"normal",60,15,,,
"Pull","9 Aug 2025, 14:00","9 Aug 2025, 14:51","","Seated Cable Row - V Grip (Cable)",,"",1,"normal",60,17,,,
"Pull","9 Aug 2025, 14:00","9 Aug 2025, 14:51","","Iso-Lateral Row (Machine)",,"",0,"normal",50,8,,,
"Pull","9 Aug 2025, 14:00","9 Aug 2025, 14:51","","Iso-Lateral Row (Machine)",,"",1,"normal",50,8,,,
"Pull","9 Aug 2025, 14:00","9 Aug 2025, 14:51","","Iso-Lateral Row (Machine)",,"",2,"normal",50,8,,,
"Pull","9 Aug 2025, 14:00","9 Aug 2025, 14:51","","Bicep Curl (Dumbbell)",,"Fat gripz",0,"normal",12,8,,,
"Pull","9 Aug 2025, 14:00","9 Aug 2025, 14:51","","Bicep Curl (Dumbbell)",,"Fat gripz",1,"normal",12,8,,,
"Pull","9 Aug 2025, 14:00","9 Aug 2025, 14:51","","Bicep Curl (Dumbbell)",,"Fat gripz",2,"normal",12,8,,,
"Pull","9 Aug 2025, 14:00","9 Aug 2025, 14:51","","Preacher Curl (Machine)",,"",0,"normal",20,8,,,
"Pull","9 Aug 2025, 14:00","9 Aug 2025, 14:51","","Preacher Curl (Machine)",,"",1,"normal",20,5,,,
"Pull","9 Aug 2025, 14:00","9 Aug 2025, 14:51","","Preacher Curl (Machine)",,"",2,"dropset",10,7,,,
"Pull","9 Aug 2025, 14:00","9 Aug 2025, 14:51","","Preacher Curl (Machine)",,"",3,"normal",10,5,,,
"Pull","9 Aug 2025, 14:00","9 Aug 2025, 14:51","","Dead Hang",,"",0,"normal",,,,30,
"Push","7 Aug 2025, 13:18","7 Aug 2025, 14:08","","Incline Bench Press (Barbell)",,"",0,"normal",60,10,,,
"Push","7 Aug 2025, 13:18","7 Aug 2025, 14:08","","Incline Bench Press (Barbell)",,"",1,"normal",60,10,,,
"Push","7 Aug 2025, 13:18","7 Aug 2025, 14:08","","Incline Bench Press (Barbell)",,"",2,"normal",60,7,,,
"Push","7 Aug 2025, 13:18","7 Aug 2025, 14:08","","Incline Bench Press (Barbell)",,"",3,"dropset",50,4,,,
"Push","7 Aug 2025, 13:18","7 Aug 2025, 14:08","","Incline Bench Press (Barbell)",,"",4,"warmup",50,5,,,
"Push","7 Aug 2025, 13:18","7 Aug 2025, 14:08","","Chest Dip",,"",0,"normal",,5,,,
"Push","7 Aug 2025, 13:18","7 Aug 2025, 14:08","","Chest Dip",,"",1,"normal",,5,,,
"Push","7 Aug 2025, 13:18","7 Aug 2025, 14:08","","Chest Dip",,"",2,"normal",,4,,,
"Push","7 Aug 2025, 13:18","7 Aug 2025, 14:08","","Shoulder Press (Machine Plates)",,"",0,"normal",20,12,,,
"Push","7 Aug 2025, 13:18","7 Aug 2025, 14:08","","Shoulder Press (Machine Plates)",,"",1,"normal",20,8,,,
"Push","7 Aug 2025, 13:18","7 Aug 2025, 14:08","","Shoulder Press (Machine Plates)",,"",2,"normal",17.5,8,,,
"Push","7 Aug 2025, 13:18","7 Aug 2025, 14:08","","Shoulder Press (Machine Plates)",,"",3,"dropset",15,5,,,
"Push","7 Aug 2025, 13:18","7 Aug 2025, 14:08","","Butterfly (Pec Deck)",,"",0,"normal",38.75,20,,,
"Push","7 Aug 2025, 13:18","7 Aug 2025, 14:08","","Butterfly (Pec Deck)",,"",1,"normal",38.75,19,,,
"Push","7 Aug 2025, 13:18","7 Aug 2025, 14:08","","Butterfly (Pec Deck)",,"",2,"normal",42.5,15,,,
"Push","7 Aug 2025, 13:18","7 Aug 2025, 14:08","","Hanging Leg Raise",,"",0,"normal",,9,,,
"Push","7 Aug 2025, 13:18","7 Aug 2025, 14:08","","Hanging Leg Raise",,"",1,"normal",,8,,,
"Push","7 Aug 2025, 13:18","7 Aug 2025, 14:08","","Ab Wheel",,"",0,"normal",,4,,,
"Push","7 Aug 2025, 13:18","7 Aug 2025, 14:08","","Ab Wheel",,"",1,"normal",,5,,,
"Push","7 Aug 2025, 13:18","7 Aug 2025, 14:08","","Lateral Raise (Cable)",,"",0,"normal",8.75,14,,,
"Push","7 Aug 2025, 13:18","7 Aug 2025, 14:08","","Lateral Raise (Cable)",,"",1,"normal",8.75,14,,,
"Push","7 Aug 2025, 13:18","7 Aug 2025, 14:08","","Lateral Raise (Cable)",,"",2,"normal",8.75,7,,,
"Push","7 Aug 2025, 13:18","7 Aug 2025, 14:08","","Lateral Raise (Cable)",,"",3,"normal",6.25,6,,,
"Push","7 Aug 2025, 13:18","7 Aug 2025, 14:08","","Triceps Extension (Cable)",,"",0,"normal",16.25,14,,,
"Push","7 Aug 2025, 13:18","7 Aug 2025, 14:08","","Triceps Extension (Cable)",,"",1,"normal",16.25,9,,,
"Push","7 Aug 2025, 13:18","7 Aug 2025, 14:08","","Triceps Extension (Cable)",,"",2,"normal",13.75,7,,,
"Push","7 Aug 2025, 13:18","7 Aug 2025, 14:08","","Triceps Extension (Cable)",,"",3,"dropset",11.25,4,,,
"Push","7 Aug 2025, 13:18","7 Aug 2025, 14:08","","Triceps Kickback (Dumbbell)",,"",0,"normal",5,12,,,
"Push","7 Aug 2025, 13:18","7 Aug 2025, 14:08","","Triceps Kickback (Dumbbell)",,"",1,"normal",6,15,,,
"Push","7 Aug 2025, 13:18","7 Aug 2025, 14:08","","Triceps Kickback (Dumbbell)",,"",2,"normal",6,12,,,
"Push","24 Jul 2025, 19:46","24 Jul 2025, 20:35","","Incline Bench Press (Barbell)",,"",0,"normal",60,8,,,
"Push","24 Jul 2025, 19:46","24 Jul 2025, 20:35","","Incline Bench Press (Barbell)",,"",1,"normal",60,9,,,
"Push","24 Jul 2025, 19:46","24 Jul 2025, 20:35","","Incline Bench Press (Barbell)",,"",2,"normal",60,7,,,
"Push","24 Jul 2025, 19:46","24 Jul 2025, 20:35","","Shoulder Press (Machine Plates)",,"",0,"normal",20,12,,,
"Push","24 Jul 2025, 19:46","24 Jul 2025, 20:35","","Shoulder Press (Machine Plates)",,"",1,"normal",20,11,,,
"Push","24 Jul 2025, 19:46","24 Jul 2025, 20:35","","Shoulder Press (Machine Plates)",,"",2,"normal",20,9,,,
"Push","24 Jul 2025, 19:46","24 Jul 2025, 20:35","","Hanging Leg Raise",,"",0,"normal",,6,,,
"Push","24 Jul 2025, 19:46","24 Jul 2025, 20:35","","Hanging Leg Raise",,"",1,"normal",,3,,,
"Push","24 Jul 2025, 19:46","24 Jul 2025, 20:35","","Hanging Leg Raise",,"",2,"normal",,6,,,
"Push","24 Jul 2025, 19:46","24 Jul 2025, 20:35","","Chest Dip",,"",0,"normal",,3,,,
"Push","24 Jul 2025, 19:46","24 Jul 2025, 20:35","","Chest Dip",,"",1,"normal",,6,,,
"Push","24 Jul 2025, 19:46","24 Jul 2025, 20:35","","Chest Dip",,"",2,"normal",,5,,,
"Push","24 Jul 2025, 19:46","24 Jul 2025, 20:35","","Butterfly (Pec Deck)",,"",0,"normal",35,20,,,
"Push","24 Jul 2025, 19:46","24 Jul 2025, 20:35","","Butterfly (Pec Deck)",,"",1,"normal",35,17,,,
"Push","24 Jul 2025, 19:46","24 Jul 2025, 20:35","","Butterfly (Pec Deck)",,"",2,"normal",35,15,,,
"Push","24 Jul 2025, 19:46","24 Jul 2025, 20:35","","Lateral Raise (Cable)",,"",0,"normal",7.5,15,,,
"Push","24 Jul 2025, 19:46","24 Jul 2025, 20:35","","Lateral Raise (Cable)",,"",1,"normal",7.5,15,,,
"Push","24 Jul 2025, 19:46","24 Jul 2025, 20:35","","Lateral Raise (Cable)",,"",2,"normal",7.5,10,,,
"Push","24 Jul 2025, 19:46","24 Jul 2025, 20:35","","Triceps Extension (Cable)",,"",0,"normal",15,15,,,
"Push","24 Jul 2025, 19:46","24 Jul 2025, 20:35","","Triceps Extension (Cable)",,"",1,"normal",15,12,,,
"Push","24 Jul 2025, 19:46","24 Jul 2025, 20:35","","Triceps Extension (Cable)",,"",2,"normal",15,6,,,
"Push","24 Jul 2025, 19:46","24 Jul 2025, 20:35","","Triceps Extension (Cable)",,"",3,"normal",12.5,3,,,
"Push","24 Jul 2025, 19:46","24 Jul 2025, 20:35","","Triceps Kickback (Dumbbell)",,"",0,"normal",5,7,,,
"Push","24 Jul 2025, 19:46","24 Jul 2025, 20:35","","Triceps Kickback (Dumbbell)",,"",1,"normal",4,12,,,
"Push","24 Jul 2025, 19:46","24 Jul 2025, 20:35","","Triceps Kickback (Dumbbell)",,"",2,"normal",4,14,,,
"Pull","17 Jul 2025, 11:32","17 Jul 2025, 12:25","","Pull Up",,"First 2 sets bodyweight\nPurple band for sets 3 onwards",0,"normal",,5,,,
"Pull","17 Jul 2025, 11:32","17 Jul 2025, 12:25","","Pull Up",,"First 2 sets bodyweight\nPurple band for sets 3 onwards",1,"normal",,4,,,
"Pull","17 Jul 2025, 11:32","17 Jul 2025, 12:25","","Pull Up",,"First 2 sets bodyweight\nPurple band for sets 3 onwards",2,"normal",,5,,,
"Pull","17 Jul 2025, 11:32","17 Jul 2025, 12:25","","Pull Up",,"First 2 sets bodyweight\nPurple band for sets 3 onwards",3,"normal",,4,,,
"Pull","17 Jul 2025, 11:32","17 Jul 2025, 12:25","","Iso-Lateral Row (Machine)",,"",0,"normal",50,10,,,
"Pull","17 Jul 2025, 11:32","17 Jul 2025, 12:25","","Iso-Lateral Row (Machine)",,"",1,"normal",52.5,10,,,
"Pull","17 Jul 2025, 11:32","17 Jul 2025, 12:25","","Iso-Lateral Row (Machine)",,"",2,"normal",53.75,10,,,
"Pull","17 Jul 2025, 11:32","17 Jul 2025, 12:25","","Seated Cable Row - V Grip (Cable)",,"",0,"normal",60,16,,,
"Pull","17 Jul 2025, 11:32","17 Jul 2025, 12:25","","Seated Cable Row - V Grip (Cable)",,"",1,"normal",60,14,,,
"Pull","17 Jul 2025, 11:32","17 Jul 2025, 12:25","","Shrug (Cable)",,"",0,"normal",47.5,12,,,
"Pull","17 Jul 2025, 11:32","17 Jul 2025, 12:25","","Shrug (Cable)",,"",1,"normal",47.5,12,,,
"Pull","17 Jul 2025, 11:32","17 Jul 2025, 12:25","","Shrug (Cable)",,"",2,"normal",40,15,,,
"Pull","17 Jul 2025, 11:32","17 Jul 2025, 12:25","","Rear Delt Reverse Fly (Machine)",,"",0,"normal",20,20,,,
"Pull","17 Jul 2025, 11:32","17 Jul 2025, 12:25","","Rear Delt Reverse Fly (Machine)",,"",1,"normal",27.5,18,,,
"Pull","17 Jul 2025, 11:32","17 Jul 2025, 12:25","","Rear Delt Reverse Fly (Machine)",,"",2,"normal",27.5,17,,,
"Pull","17 Jul 2025, 11:32","17 Jul 2025, 12:25","","EZ Bar Biceps Curl",,"",0,"normal",17.5,15,,,
"Pull","17 Jul 2025, 11:32","17 Jul 2025, 12:25","","EZ Bar Biceps Curl",,"",1,"normal",21.25,12,,,
"Pull","17 Jul 2025, 11:32","17 Jul 2025, 12:25","","EZ Bar Biceps Curl",,"",2,"normal",21.25,10,,,
"Pull","17 Jul 2025, 11:32","17 Jul 2025, 12:25","","EZ Bar Biceps Curl",,"",3,"normal",15,4,,,
"Pull","17 Jul 2025, 11:32","17 Jul 2025, 12:25","","Dead Hang",,"",0,"normal",,,,30,
"Pull","17 Jul 2025, 11:32","17 Jul 2025, 12:25","","Dead Hang",,"",1,"normal",,,,30,
"Pull","17 Jul 2025, 11:32","17 Jul 2025, 12:25","","Dead Hang",,"",2,"normal",,,,30,
"Pull","17 Jul 2025, 11:32","17 Jul 2025, 12:25","","Preacher Curl (Dumbbell)",,"",0,"normal",10,10,,,
"Pull","17 Jul 2025, 11:32","17 Jul 2025, 12:25","","Preacher Curl (Dumbbell)",,"",1,"normal",10,14,,,
"Pull","17 Jul 2025, 11:32","17 Jul 2025, 12:25","","Preacher Curl (Dumbbell)",,"",2,"normal",10,8,,,
"Push","15 Jul 2025, 13:00","15 Jul 2025, 13:50","","Incline Bench Press (Barbell)",,"",0,"normal",60,7,,,
"Push","15 Jul 2025, 13:00","15 Jul 2025, 13:50","","Incline Bench Press (Barbell)",,"",1,"normal",60,9,,,
"Push","15 Jul 2025, 13:00","15 Jul 2025, 13:50","","Incline Bench Press (Barbell)",,"",2,"normal",60,7,,,
"Push","15 Jul 2025, 13:00","15 Jul 2025, 13:50","","Incline Bench Press (Barbell)",,"",3,"normal",60,4,,,
"Push","15 Jul 2025, 13:00","15 Jul 2025, 13:50","","Incline Bench Press (Barbell)",,"",4,"normal",50,8,,,
"Push","15 Jul 2025, 13:00","15 Jul 2025, 13:50","","Shoulder Press (Machine Plates)",,"",0,"normal",17.5,12,,,
"Push","15 Jul 2025, 13:00","15 Jul 2025, 13:50","","Shoulder Press (Machine Plates)",,"",1,"normal",17.5,8,,,
"Push","15 Jul 2025, 13:00","15 Jul 2025, 13:50","","Shoulder Press (Machine Plates)",,"",2,"normal",17.5,10,,,
"Push","15 Jul 2025, 13:00","15 Jul 2025, 13:50","","Butterfly (Pec Deck)",,"",0,"normal",31.25,20,,,
"Push","15 Jul 2025, 13:00","15 Jul 2025, 13:50","","Butterfly (Pec Deck)",,"",1,"normal",35,15,,,
"Push","15 Jul 2025, 13:00","15 Jul 2025, 13:50","","Butterfly (Pec Deck)",,"",2,"normal",35,11,,,
"Push","15 Jul 2025, 13:00","15 Jul 2025, 13:50","","Butterfly (Pec Deck)",,"",3,"normal",27.5,10,,,
"Push","15 Jul 2025, 13:00","15 Jul 2025, 13:50","","Lateral Raise (Cable)",,"",0,"normal",5,18,,,
"Push","15 Jul 2025, 13:00","15 Jul 2025, 13:50","","Lateral Raise (Cable)",,"",1,"normal",7.5,15,,,
"Push","15 Jul 2025, 13:00","15 Jul 2025, 13:50","","Lateral Raise (Cable)",,"",2,"normal",7.5,11,,,
"Push","15 Jul 2025, 13:00","15 Jul 2025, 13:50","","Triceps Extension (Cable)",,"",0,"normal",13.75,13,,,
"Push","15 Jul 2025, 13:00","15 Jul 2025, 13:50","","Triceps Extension (Cable)",,"",1,"normal",13.75,4,,,
"Push","15 Jul 2025, 13:00","15 Jul 2025, 13:50","","Triceps Extension (Cable)",,"",2,"normal",11.25,4,,,
"Push","15 Jul 2025, 13:00","15 Jul 2025, 13:50","","Triceps Extension (Cable)",,"",3,"normal",8.75,10,,,
"Push","15 Jul 2025, 13:00","15 Jul 2025, 13:50","","Triceps Kickback (Dumbbell)",,"",0,"normal",5,12,,,
"Push","15 Jul 2025, 13:00","15 Jul 2025, 13:50","","Triceps Kickback (Dumbbell)",,"",1,"normal",5,18,,,
"Push","15 Jul 2025, 13:00","15 Jul 2025, 13:50","","Cable Crunch",,"",0,"normal",23.75,12,,,
"Push","15 Jul 2025, 13:00","15 Jul 2025, 13:50","","Cable Crunch",,"",1,"normal",26.25,18,,,
"Push","15 Jul 2025, 13:00","15 Jul 2025, 13:50","","Cable Crunch",,"",2,"normal",26.25,18,,,
"Push","15 Jul 2025, 13:00","15 Jul 2025, 13:50","","Leg Raise Parallel Bars",,"",0,"normal",,8,,,
"Push","15 Jul 2025, 13:00","15 Jul 2025, 13:50","","Leg Raise Parallel Bars",,"",1,"normal",,10,,,
"Push","15 Jul 2025, 13:00","15 Jul 2025, 13:50","","Leg Raise Parallel Bars",,"",2,"normal",,10,,,
"Legs","11 Jul 2025, 19:33","11 Jul 2025, 20:43","","Squat (Barbell)",,"",0,"normal",50,5,,,
"Legs","11 Jul 2025, 19:33","11 Jul 2025, 20:43","","Squat (Barbell)",,"",1,"normal",70,5,,,
"Legs","11 Jul 2025, 19:33","11 Jul 2025, 20:43","","Squat (Barbell)",,"",2,"normal",95,5,,,
"Legs","11 Jul 2025, 19:33","11 Jul 2025, 20:43","","Squat (Barbell)",,"",3,"normal",105,9,,,
"Legs","11 Jul 2025, 19:33","11 Jul 2025, 20:43","","Squat (Barbell)",,"",4,"normal",105,8,,,
"Legs","11 Jul 2025, 19:33","11 Jul 2025, 20:43","","Squat (Barbell)",,"",5,"normal",105,8,,,
"Legs","11 Jul 2025, 19:33","11 Jul 2025, 20:43","","Leg Press Horizontal (Machine)",,"",0,"normal",166,12,,,
"Legs","11 Jul 2025, 19:33","11 Jul 2025, 20:43","","Leg Press Horizontal (Machine)",,"",1,"normal",166,12,,,
"Legs","11 Jul 2025, 19:33","11 Jul 2025, 20:43","","Lying Leg Curl (Machine)",,"",0,"normal",60,15,,,
"Legs","11 Jul 2025, 19:33","11 Jul 2025, 20:43","","Lying Leg Curl (Machine)",,"",1,"normal",60,13,,,
"Legs","11 Jul 2025, 19:33","11 Jul 2025, 20:43","","Lying Leg Curl (Machine)",,"",2,"normal",60,15,,,
"Legs","11 Jul 2025, 19:33","11 Jul 2025, 20:43","","Leg Extension (Machine)",,"",0,"normal",60,20,,,
"Legs","11 Jul 2025, 19:33","11 Jul 2025, 20:43","","Leg Extension (Machine)",,"",1,"normal",60,15,,,
"Legs","11 Jul 2025, 19:33","11 Jul 2025, 20:43","","Leg Extension (Machine)",,"",2,"normal",60,13,,,
"Legs","11 Jul 2025, 19:33","11 Jul 2025, 20:43","","Calf Press (Machine)",,"",0,"normal",102,20,,,
"Legs","11 Jul 2025, 19:33","11 Jul 2025, 20:43","","Calf Press (Machine)",,"",1,"normal",102,18,,,
"Legs","11 Jul 2025, 19:33","11 Jul 2025, 20:43","","Calf Press (Machine)",,"",2,"normal",102,19,,,
"Legs","11 Jul 2025, 19:33","11 Jul 2025, 20:43","","Hip Abduction (Machine)",,"",0,"normal",60,20,,,
"Legs","11 Jul 2025, 19:33","11 Jul 2025, 20:43","","Hip Abduction (Machine)",,"",1,"normal",60,15,,,
"Legs","11 Jul 2025, 19:33","11 Jul 2025, 20:43","","Hip Adduction (Machine)",,"",0,"normal",33.75,15,,,
"Legs","11 Jul 2025, 19:33","11 Jul 2025, 20:43","","Hip Adduction (Machine)",,"",1,"normal",33.75,13,,,
"Pull","8 Jul 2025, 19:36","8 Jul 2025, 20:18","","Lat Pulldown - Close Grip (Cable)",,"",0,"normal",60,10,,,
"Pull","8 Jul 2025, 19:36","8 Jul 2025, 20:18","","Lat Pulldown - Close Grip (Cable)",,"",1,"normal",70,14,,,
"Pull","8 Jul 2025, 19:36","8 Jul 2025, 20:18","","Lat Pulldown - Close Grip (Cable)",,"",2,"normal",70,8,,,
"Pull","8 Jul 2025, 19:36","8 Jul 2025, 20:18","","Lat Pulldown - Close Grip (Cable)",,"",3,"normal",60,7,,,
"Pull","8 Jul 2025, 19:36","8 Jul 2025, 20:18","","Seated Cable Row - V Grip (Cable)",,"Biceps weirdly fried today",0,"normal",50,20,,,
"Pull","8 Jul 2025, 19:36","8 Jul 2025, 20:18","","Seated Cable Row - V Grip (Cable)",,"Biceps weirdly fried today",1,"normal",50,16,,,
"Pull","8 Jul 2025, 19:36","8 Jul 2025, 20:18","","Chest Supported Incline Row (Dumbbell)",,"",0,"normal",30,10,,,
"Pull","8 Jul 2025, 19:36","8 Jul 2025, 20:18","","Chest Supported Incline Row (Dumbbell)",,"",1,"normal",55,8,,,
"Pull","8 Jul 2025, 19:36","8 Jul 2025, 20:18","","Chest Supported Incline Row (Dumbbell)",,"",2,"normal",50,10,,,
"Pull","8 Jul 2025, 19:36","8 Jul 2025, 20:18","","Rear Delt Reverse Fly (Cable)",,"",0,"normal",6.25,13,,,
"Pull","8 Jul 2025, 19:36","8 Jul 2025, 20:18","","Rear Delt Reverse Fly (Cable)",,"",1,"normal",6.25,12,,,
"Pull","8 Jul 2025, 19:36","8 Jul 2025, 20:18","","Rear Delt Reverse Fly (Cable)",,"",2,"normal",6.25,7,,,
"Pull","8 Jul 2025, 19:36","8 Jul 2025, 20:18","","Rear Delt Reverse Fly (Cable)",,"",3,"normal",3.75,4,,,
"Pull","8 Jul 2025, 19:36","8 Jul 2025, 20:18","","Shrug (Dumbbell)",,"",0,"normal",32,10,,,
"Pull","8 Jul 2025, 19:36","8 Jul 2025, 20:18","","Shrug (Dumbbell)",,"",1,"normal",32,8,,,
"Pull","8 Jul 2025, 19:36","8 Jul 2025, 20:18","","Shrug (Dumbbell)",,"",2,"normal",32,8,,,
"Pull","8 Jul 2025, 19:36","8 Jul 2025, 20:18","","Bicep Curl (Dumbbell)",,"",0,"normal",10,10,,,
"Pull","8 Jul 2025, 19:36","8 Jul 2025, 20:18","","Bicep Curl (Dumbbell)",,"",1,"normal",10,8,,,
"Pull","8 Jul 2025, 19:36","8 Jul 2025, 20:18","","Bicep Curl (Dumbbell)",,"",2,"normal",8,8,,,
"Pull","8 Jul 2025, 19:36","8 Jul 2025, 20:18","","Preacher Curl (Machine)",,"",0,"normal",17.5,10,,,
"Pull","8 Jul 2025, 19:36","8 Jul 2025, 20:18","","Preacher Curl (Machine)",,"",1,"normal",17.5,10,,,
"Pull","8 Jul 2025, 19:36","8 Jul 2025, 20:18","","Preacher Curl (Machine)",,"",2,"normal",17.5,8,,,
"Push","4 Jul 2025, 19:30","4 Jul 2025, 20:29","","Bench Press (Barbell)",,"",0,"normal",67.5,10,,,
"Push","4 Jul 2025, 19:30","4 Jul 2025, 20:29","","Bench Press (Barbell)",,"",1,"normal",67.5,10,,,
"Push","4 Jul 2025, 19:30","4 Jul 2025, 20:29","","Bench Press (Barbell)",,"",2,"normal",67.5,10,,,
"Push","4 Jul 2025, 19:30","4 Jul 2025, 20:29","","Shoulder Press (Machine Plates)",,"",0,"normal",15,12,,,
"Push","4 Jul 2025, 19:30","4 Jul 2025, 20:29","","Shoulder Press (Machine Plates)",,"",1,"normal",17.5,12,,,
"Push","4 Jul 2025, 19:30","4 Jul 2025, 20:29","","Shoulder Press (Machine Plates)",,"",2,"normal",17.5,10,,,
"Push","4 Jul 2025, 19:30","4 Jul 2025, 20:29","","Butterfly (Pec Deck)",,"",0,"normal",27.5,20,,,
"Push","4 Jul 2025, 19:30","4 Jul 2025, 20:29","","Butterfly (Pec Deck)",,"",1,"normal",27.5,20,,,
"Push","4 Jul 2025, 19:30","4 Jul 2025, 20:29","","Butterfly (Pec Deck)",,"",2,"normal",27.5,15,,,
"Push","4 Jul 2025, 19:30","4 Jul 2025, 20:29","","Lateral Raise (Cable)",,"",0,"normal",3.75,15,,,
"Push","4 Jul 2025, 19:30","4 Jul 2025, 20:29","","Lateral Raise (Cable)",,"",1,"normal",4.6,18,,,
"Push","4 Jul 2025, 19:30","4 Jul 2025, 20:29","","Lateral Raise (Cable)",,"",2,"normal",4.6,18,,,
"Push","4 Jul 2025, 19:30","4 Jul 2025, 20:29","","Triceps Extension (Cable)",,"",0,"normal",11.25,15,,,
"Push","4 Jul 2025, 19:30","4 Jul 2025, 20:29","","Triceps Extension (Cable)",,"",1,"normal",11.9,15,,,
"Push","4 Jul 2025, 19:30","4 Jul 2025, 20:29","","Triceps Extension (Cable)",,"",2,"normal",12.5,15,,,
"Push","4 Jul 2025, 19:30","4 Jul 2025, 20:29","","Triceps Kickback (Dumbbell)",,"",0,"normal",3.75,10,,,
"Push","4 Jul 2025, 19:30","4 Jul 2025, 20:29","","Triceps Kickback (Dumbbell)",,"",1,"normal",3.75,10,,,
"Legs","26 Jun 2025, 14:05","26 Jun 2025, 14:52","","Squat (Barbell)",,"",0,"normal",50,5,,,
"Legs","26 Jun 2025, 14:05","26 Jun 2025, 14:52","","Squat (Barbell)",,"",1,"normal",70,6,,,
"Legs","26 Jun 2025, 14:05","26 Jun 2025, 14:52","","Squat (Barbell)",,"",2,"normal",90,5,,,
"Legs","26 Jun 2025, 14:05","26 Jun 2025, 14:52","","Squat (Barbell)",,"",3,"normal",100,10,,,
"Legs","26 Jun 2025, 14:05","26 Jun 2025, 14:52","","Squat (Barbell)",,"",4,"normal",100,8,,,
"Legs","26 Jun 2025, 14:05","26 Jun 2025, 14:52","","Hip Abduction (Machine)",,"",0,"normal",56.25,18,,,
"Legs","26 Jun 2025, 14:05","26 Jun 2025, 14:52","","Hip Abduction (Machine)",,"",1,"normal",56.25,16,,,
"Legs","26 Jun 2025, 14:05","26 Jun 2025, 14:52","","Hip Adduction (Machine)",,"",0,"normal",33.75,16,,,
"Legs","26 Jun 2025, 14:05","26 Jun 2025, 14:52","","Hip Adduction (Machine)",,"",1,"normal",33.75,13,,,
"Legs","26 Jun 2025, 14:05","26 Jun 2025, 14:52","","Lying Leg Curl (Machine)",,"",0,"normal",63.75,18,,,
"Legs","26 Jun 2025, 14:05","26 Jun 2025, 14:52","","Lying Leg Curl (Machine)",,"",1,"normal",63.75,20,,,
"Legs","26 Jun 2025, 14:05","26 Jun 2025, 14:52","","Lying Leg Curl (Machine)",,"",2,"normal",63.75,20,,,
"Legs","26 Jun 2025, 14:05","26 Jun 2025, 14:52","","Leg Extension (Machine)",,"",0,"normal",33,12,,,
"Legs","26 Jun 2025, 14:05","26 Jun 2025, 14:52","","Leg Extension (Machine)",,"",1,"normal",48,18,,,
"Pull","21 Jun 2025, 14:37","21 Jun 2025, 15:30","","Lat Pulldown - Close Grip (Cable)",,"",0,"normal",60,15,,,
"Pull","21 Jun 2025, 14:37","21 Jun 2025, 15:30","","Lat Pulldown - Close Grip (Cable)",,"",1,"normal",70,15,,,
"Pull","21 Jun 2025, 14:37","21 Jun 2025, 15:30","","Lat Pulldown - Close Grip (Cable)",,"",2,"normal",70,10,,,
"Pull","21 Jun 2025, 14:37","21 Jun 2025, 15:30","","Bent Over Row (Barbell)",,"",0,"normal",35,10,,,
"Pull","21 Jun 2025, 14:37","21 Jun 2025, 15:30","","Bent Over Row (Barbell)",,"",1,"normal",35,12,,,
"Pull","21 Jun 2025, 14:37","21 Jun 2025, 15:30","","Bent Over Row (Barbell)",,"",2,"normal",35,12,,,
"Pull","21 Jun 2025, 14:37","21 Jun 2025, 15:30","","Seated Cable Row - V Grip (Cable)",,"",0,"normal",50,18,,,
"Pull","21 Jun 2025, 14:37","21 Jun 2025, 15:30","","Seated Cable Row - V Grip (Cable)",,"",1,"normal",50,18,,,
"Pull","21 Jun 2025, 14:37","21 Jun 2025, 15:30","","Rear Delt Reverse Fly (Cable)",,"",0,"normal",27.5,20,,,
"Pull","21 Jun 2025, 14:37","21 Jun 2025, 15:30","","Rear Delt Reverse Fly (Cable)",,"",1,"normal",31.25,20,,,
"Pull","21 Jun 2025, 14:37","21 Jun 2025, 15:30","","Rear Delt Reverse Fly (Cable)",,"",2,"normal",31.25,18,,,
"Pull","21 Jun 2025, 14:37","21 Jun 2025, 15:30","","Shrug (Barbell)",,"",0,"normal",40,12,,,
"Pull","21 Jun 2025, 14:37","21 Jun 2025, 15:30","","Shrug (Barbell)",,"",1,"normal",40,10,,,
"Pull","21 Jun 2025, 14:37","21 Jun 2025, 15:30","","Shrug (Barbell)",,"",2,"normal",50,17,,,
"Pull","21 Jun 2025, 14:37","21 Jun 2025, 15:30","","Shrug (Barbell)",,"",3,"normal",50,15,,,
"Pull","21 Jun 2025, 14:37","21 Jun 2025, 15:30","","Seated Incline Curl (Dumbbell)",,"",0,"normal",12,12,,,
"Pull","21 Jun 2025, 14:37","21 Jun 2025, 15:30","","Seated Incline Curl (Dumbbell)",,"",1,"normal",12,8,,,
"Pull","21 Jun 2025, 14:37","21 Jun 2025, 15:30","","Seated Incline Curl (Dumbbell)",,"",2,"normal",12,5,,,
"Pull","21 Jun 2025, 14:37","21 Jun 2025, 15:30","","Bicep Curl (Cable)",,"Single arm",0,"normal",7.5,6,,,
"Pull","21 Jun 2025, 14:37","21 Jun 2025, 15:30","","Bicep Curl (Cable)",,"Single arm",1,"normal",7.5,6,,,
"Pull","21 Jun 2025, 14:37","21 Jun 2025, 15:30","","Bicep Curl (Cable)",,"Single arm",2,"normal",7.5,6,,,
"Push","16 Jun 2025, 15:25","16 Jun 2025, 15:59","","Bench Press (Barbell)",,"",0,"normal",67.5,10,,,
"Push","16 Jun 2025, 15:25","16 Jun 2025, 15:59","","Bench Press (Barbell)",,"",1,"normal",67.5,10,,,
"Push","16 Jun 2025, 15:25","16 Jun 2025, 15:59","","Bench Press (Barbell)",,"",2,"normal",67.5,7,,,
"Push","16 Jun 2025, 15:25","16 Jun 2025, 15:59","","Shoulder Press (Machine Plates)",,"",0,"normal",27.5,8,,,
"Push","16 Jun 2025, 15:25","16 Jun 2025, 15:59","","Shoulder Press (Machine Plates)",,"",1,"normal",20,7,,,
"Push","16 Jun 2025, 15:25","16 Jun 2025, 15:59","","Shoulder Press (Machine Plates)",,"",2,"normal",15,6,,,
"Push","16 Jun 2025, 15:25","16 Jun 2025, 15:59","","Shoulder Press (Machine Plates)",,"",3,"normal",20,6,,,
"Push","16 Jun 2025, 15:25","16 Jun 2025, 15:59","","Butterfly (Pec Deck)",,"",0,"normal",3.75,16,,,
"Push","16 Jun 2025, 15:25","16 Jun 2025, 15:59","","Butterfly (Pec Deck)",,"",1,"normal",3.75,10,,,
"Push","16 Jun 2025, 15:25","16 Jun 2025, 15:59","","Butterfly (Pec Deck)",,"",2,"normal",3.75,8,,,
"Push","16 Jun 2025, 15:25","16 Jun 2025, 15:59","","Lateral Raise (Cable)",,"",0,"normal",3.75,20,,,
"Push","16 Jun 2025, 15:25","16 Jun 2025, 15:59","","Lateral Raise (Cable)",,"",1,"normal",3.75,20,,,
"Push","16 Jun 2025, 15:25","16 Jun 2025, 15:59","","Lateral Raise (Cable)",,"",2,"normal",3.75,15,,,
"Push","16 Jun 2025, 15:25","16 Jun 2025, 15:59","","Triceps Extension (Cable)",,"",0,"normal",8.75,16,,,
"Push","16 Jun 2025, 15:25","16 Jun 2025, 15:59","","Triceps Extension (Cable)",,"",1,"normal",11.25,12,,,
"Push","16 Jun 2025, 15:25","16 Jun 2025, 15:59","","Triceps Extension (Cable)",,"",2,"normal",11.25,5,,,
"Push","16 Jun 2025, 15:25","16 Jun 2025, 15:59","","Triceps Extension (Cable)",,"",3,"normal",8.25,4,,,
"Push","16 Jun 2025, 15:25","16 Jun 2025, 15:59","","Triceps Kickback (Dumbbell)",,"",0,"normal",3.75,11,,,
"Push","16 Jun 2025, 15:25","16 Jun 2025, 15:59","","Triceps Kickback (Dumbbell)",,"",1,"normal",3.75,12,,,
"Push","16 Jun 2025, 15:25","16 Jun 2025, 15:59","","Triceps Kickback (Dumbbell)",,"",2,"normal",3.75,12,,,
"Legs","13 Jun 2025, 12:51","13 Jun 2025, 13:31","","Leg Press Horizontal (Machine)",,"",0,"normal",166,15,,,
"Legs","13 Jun 2025, 12:51","13 Jun 2025, 13:31","","Leg Press Horizontal (Machine)",,"",1,"normal",166,12,,,
"Legs","13 Jun 2025, 12:51","13 Jun 2025, 13:31","","Leg Press Horizontal (Machine)",,"",2,"normal",166,11,,,
"Legs","13 Jun 2025, 12:51","13 Jun 2025, 13:31","","Lying Leg Curl (Machine)",,"",0,"normal",45,15,,,
"Legs","13 Jun 2025, 12:51","13 Jun 2025, 13:31","","Lying Leg Curl (Machine)",,"",1,"normal",63.75,12,,,
"Legs","13 Jun 2025, 12:51","13 Jun 2025, 13:31","","Lying Leg Curl (Machine)",,"",2,"normal",63.75,18,,,
"Legs","13 Jun 2025, 12:51","13 Jun 2025, 13:31","","Leg Extension (Machine)",,"",0,"normal",50,20,,,
"Legs","13 Jun 2025, 12:51","13 Jun 2025, 13:31","","Leg Extension (Machine)",,"",1,"normal",50,20,,,
"Legs","13 Jun 2025, 12:51","13 Jun 2025, 13:31","","Leg Extension (Machine)",,"",2,"normal",50,20,,,
"Legs","13 Jun 2025, 12:51","13 Jun 2025, 13:31","","Calf Press (Machine)",,"",0,"normal",105,18,,,
"Legs","13 Jun 2025, 12:51","13 Jun 2025, 13:31","","Calf Press (Machine)",,"",1,"normal",105,18,,,
"Legs","13 Jun 2025, 12:51","13 Jun 2025, 13:31","","Calf Press (Machine)",,"",2,"normal",105,14,,,
"Legs","13 Jun 2025, 12:51","13 Jun 2025, 13:31","","Hip Abduction (Machine)",,"",0,"normal",56.25,20,,,
"Legs","13 Jun 2025, 12:51","13 Jun 2025, 13:31","","Hip Abduction (Machine)",,"",1,"normal",56.25,18,,,
"Legs","13 Jun 2025, 12:51","13 Jun 2025, 13:31","","Hip Adduction (Machine)",,"",0,"normal",33.75,15,,,
"Legs","13 Jun 2025, 12:51","13 Jun 2025, 13:31","","Hip Adduction (Machine)",,"",1,"normal",33.75,18,,,
"Pull","7 Jun 2025, 15:15","7 Jun 2025, 16:01","","Lat Pulldown - Close Grip (Cable)",,"",0,"normal",60,15,,,
"Pull","7 Jun 2025, 15:15","7 Jun 2025, 16:01","","Lat Pulldown - Close Grip (Cable)",,"",1,"normal",60,9,,,
"Pull","7 Jun 2025, 15:15","7 Jun 2025, 16:01","","Lat Pulldown - Close Grip (Cable)",,"",2,"normal",60,10,,,
"Pull","7 Jun 2025, 15:15","7 Jun 2025, 16:01","","Chest Supported Incline Row (Dumbbell)",,"",0,"normal",25,15,,,
"Pull","7 Jun 2025, 15:15","7 Jun 2025, 16:01","","Chest Supported Incline Row (Dumbbell)",,"",1,"normal",35,14,,,
"Pull","7 Jun 2025, 15:15","7 Jun 2025, 16:01","","Chest Supported Incline Row (Dumbbell)",,"",2,"normal",45,11,,,
"Pull","7 Jun 2025, 15:15","7 Jun 2025, 16:01","","Seated Cable Row - V Grip (Cable)",,"",0,"normal",50,20,,,
"Pull","7 Jun 2025, 15:15","7 Jun 2025, 16:01","","Seated Cable Row - V Grip (Cable)",,"",1,"normal",50,18,,,
"Pull","7 Jun 2025, 15:15","7 Jun 2025, 16:01","","Rear Delt Reverse Fly (Cable)",,"",0,"normal",27.5,20,,,
"Pull","7 Jun 2025, 15:15","7 Jun 2025, 16:01","","Rear Delt Reverse Fly (Cable)",,"",1,"normal",31.25,15,,,
"Pull","7 Jun 2025, 15:15","7 Jun 2025, 16:01","","Rear Delt Reverse Fly (Cable)",,"",2,"normal",31.25,18,,,
"Pull","7 Jun 2025, 15:15","7 Jun 2025, 16:01","","Shrug (Barbell)",,"",0,"normal",40,10,,,
"Pull","7 Jun 2025, 15:15","7 Jun 2025, 16:01","","Shrug (Barbell)",,"",1,"normal",60,8,,,
"Pull","7 Jun 2025, 15:15","7 Jun 2025, 16:01","","Shrug (Barbell)",,"",2,"normal",50,15,,,
"Pull","7 Jun 2025, 15:15","7 Jun 2025, 16:01","","Shrug (Barbell)",,"",3,"normal",50,15,,,
"Pull","7 Jun 2025, 15:15","7 Jun 2025, 16:01","","EZ Bar Biceps Curl",,"",0,"normal",25,10,,,
"Pull","7 Jun 2025, 15:15","7 Jun 2025, 16:01","","EZ Bar Biceps Curl",,"",1,"normal",21.25,7,,,
"Pull","7 Jun 2025, 15:15","7 Jun 2025, 16:01","","EZ Bar Biceps Curl",,"",2,"normal",15,12,,,
"Pull","7 Jun 2025, 15:15","7 Jun 2025, 16:01","","Preacher Curl (Machine)",,"",0,"normal",8,15,,,
"Pull","7 Jun 2025, 15:15","7 Jun 2025, 16:01","","Preacher Curl (Machine)",,"",1,"normal",7,15,,,
"Pull","7 Jun 2025, 15:15","7 Jun 2025, 16:01","","Cable Crunch",,"",0,"normal",25,15,,,
"Pull","7 Jun 2025, 15:15","7 Jun 2025, 16:01","","Cable Crunch",,"",1,"normal",32.5,14,,,
"Push","3 Jun 2025, 12:33","3 Jun 2025, 13:24","","Bench Press (Barbell)",,"",0,"normal",60,10,,,
"Push","3 Jun 2025, 12:33","3 Jun 2025, 13:24","","Bench Press (Barbell)",,"",1,"normal",60,10,,,
"Push","3 Jun 2025, 12:33","3 Jun 2025, 13:24","","Bench Press (Barbell)",,"",2,"normal",60,10,,,
"Push","3 Jun 2025, 12:33","3 Jun 2025, 13:24","","Shoulder Press (Machine Plates)",,"",0,"normal",20,8,,,
"Push","3 Jun 2025, 12:33","3 Jun 2025, 13:24","","Shoulder Press (Machine Plates)",,"",1,"normal",20,6,,,
"Push","3 Jun 2025, 12:33","3 Jun 2025, 13:24","","Shoulder Press (Machine Plates)",,"",2,"normal",20,6,,,
"Push","3 Jun 2025, 12:33","3 Jun 2025, 13:24","","Chest Fly (Dumbbell)",,"",0,"normal",6,13,,,
"Push","3 Jun 2025, 12:33","3 Jun 2025, 13:24","","Chest Fly (Dumbbell)",,"",1,"normal",6,13,,,
"Push","3 Jun 2025, 12:33","3 Jun 2025, 13:24","","Chest Fly (Dumbbell)",,"",2,"normal",6,13,,,
"Push","3 Jun 2025, 12:33","3 Jun 2025, 13:24","","Lateral Raise (Cable)",,"",0,"normal",5,15,,,
"Push","3 Jun 2025, 12:33","3 Jun 2025, 13:24","","Lateral Raise (Cable)",,"",1,"normal",5,15,,,
"Push","3 Jun 2025, 12:33","3 Jun 2025, 13:24","","Lateral Raise (Cable)",,"",2,"normal",5,15,,,
"Push","3 Jun 2025, 12:33","3 Jun 2025, 13:24","","Triceps Extension (Cable)",,"",0,"normal",15,15,,,
"Push","3 Jun 2025, 12:33","3 Jun 2025, 13:24","","Triceps Extension (Cable)",,"",1,"normal",17.5,15,,,
"Push","3 Jun 2025, 12:33","3 Jun 2025, 13:24","","Triceps Extension (Cable)",,"",2,"normal",21.25,18,,,
"Push","3 Jun 2025, 12:33","3 Jun 2025, 13:24","","Single Arm Tricep Extension (Dumbbell)",,"",0,"normal",5,8,,,
"Push","3 Jun 2025, 12:33","3 Jun 2025, 13:24","","Single Arm Tricep Extension (Dumbbell)",,"",1,"normal",5,7,,,
"Push","21 May 2025, 17:38","21 May 2025, 18:22","","Bench Press (Barbell)",,"",0,"normal",65,10,,,
"Push","21 May 2025, 17:38","21 May 2025, 18:22","","Bench Press (Barbell)",,"",1,"normal",65,6,,,
"Push","21 May 2025, 17:38","21 May 2025, 18:22","","Bench Press (Barbell)",,"",2,"normal",60,7,,,
"Push","21 May 2025, 17:38","21 May 2025, 18:22","","Bench Press (Barbell)",,"",3,"normal",60,3,,,
"Push","21 May 2025, 17:38","21 May 2025, 18:22","","Shoulder Press (Machine Plates)",,"",0,"normal",27.5,8,,,
"Push","21 May 2025, 17:38","21 May 2025, 18:22","","Shoulder Press (Machine Plates)",,"",1,"normal",23.75,7,,,
"Push","21 May 2025, 17:38","21 May 2025, 18:22","","Shoulder Press (Machine Plates)",,"",2,"normal",20,12,,,
"Push","21 May 2025, 17:38","21 May 2025, 18:22","","Shoulder Press (Machine Plates)",,"",3,"normal",20,8,,,
"Push","21 May 2025, 17:38","21 May 2025, 18:22","","Butterfly (Pec Deck)",,"",0,"normal",5,20,,,
"Push","21 May 2025, 17:38","21 May 2025, 18:22","","Butterfly (Pec Deck)",,"",1,"normal",6,15,,,
"Push","21 May 2025, 17:38","21 May 2025, 18:22","","Butterfly (Pec Deck)",,"",2,"normal",6,9,,,
"Push","21 May 2025, 17:38","21 May 2025, 18:22","","Butterfly (Pec Deck)",,"",3,"normal",4,8,,,
"Push","21 May 2025, 17:38","21 May 2025, 18:22","","Lateral Raise (Cable)",,"",0,"normal",5,15,,,
"Push","21 May 2025, 17:38","21 May 2025, 18:22","","Lateral Raise (Cable)",,"",1,"normal",5,15,,,
"Push","21 May 2025, 17:38","21 May 2025, 18:22","","Lateral Raise (Cable)",,"",2,"normal",5,12,,,
"Push","21 May 2025, 17:38","21 May 2025, 18:22","","Triceps Extension (Cable)",,"",0,"normal",12.5,15,,,
"Push","21 May 2025, 17:38","21 May 2025, 18:22","","Triceps Extension (Cable)",,"",1,"normal",10,15,,,
"Push","21 May 2025, 17:38","21 May 2025, 18:22","","Triceps Extension (Cable)",,"",2,"normal",7.5,15,,,
"Push","21 May 2025, 17:38","21 May 2025, 18:22","","Triceps Kickback (Dumbbell)",,"",0,"normal",12.5,15,,,
"Push","21 May 2025, 17:38","21 May 2025, 18:22","","Triceps Kickback (Dumbbell)",,"",1,"normal",10,15,,,
"Push","21 May 2025, 17:38","21 May 2025, 18:22","","Triceps Kickback (Dumbbell)",,"",2,"normal",10,12,,,